instant,dteday,season,yr,mnth,holiday,weekday,workingday,weathersit,temp,atemp,hum,windspeed,casual,registered,cnt
1,2011-01-01,winter,2011,January,no,Saturday,no,Mist + Broken clouds,8.692971012163184,8.652146998318774,80.58330000000001,10.749882,331,654,985
2,2011-01-02,winter,2011,January,no,Sunday,no,Mist + Broken clouds,9.823906348944092,7.795684161115972,69.6087,16.652113,131,670,801
3,2011-01-03,winter,2011,January,no,Monday,yes,Few clouds,0.03699071170087542,-6.441212853742009,43.7273,16.636703,120,1229,1349
4,2011-01-04,winter,2011,January,no,Tuesday,yes,Clear,0.2499305327632424,-4.473150313509743,59.0435,10.739832,108,1454,1562
5,2011-01-05,winter,2011,January,no,Wednesday,yes,Partly cloudy,1.8286485625702316,-2.9875520197252268,43.695699999999995,12.522300000000001,82,1518,1600
6,2011-01-06,winter,2011,January,no,Thursday,yes,Clear,0.5045681405682938,-2.6463010470626926,51.8261,6.0008684,88,1518,1606
7,2011-01-07,winter,2011,January,no,Friday,yes,Mist,0.04624387224209059,-4.7575694410170115,49.8696,11.304642,148,1362,1510
8,2011-01-08,winter,2011,January,no,Saturday,no,Mist,-1.799820220037316,-8.793410152234156,53.5833,17.875868,68,891,959
9,2011-01-09,winter,2011,January,no,Sunday,no,Partly cloudy,-3.361554600749672,-12.785414104840683,43.416700000000006,24.25065,54,768,822
10,2011-01-10,winter,2011,January,no,Monday,yes,Clear,-2.6295007604637597,-9.778091176677522,48.2917,14.958889,41,1280,1321
11,2011-01-11,winter,2011,January,no,Tuesday,yes,Mist,-1.5602336391885432,-6.262833632439097,68.6364,8.182844000000001,43,1220,1263
12,2011-01-12,winter,2011,January,no,Wednesday,yes,Partly cloudy,-1.3472938181261762,-8.947705146474314,59.954499999999996,20.410009,25,1137,1162
13,2011-01-13,winter,2011,January,no,Thursday,yes,Partly cloudy,-1.799820220037316,-9.77852434622901,47.0417,20.166999999999998,38,1368,1406
14,2011-01-14,winter,2011,January,no,Friday,yes,Few clouds,-2.0416908088677816,-6.527153692757301,53.7826,8.478716,54,1367,1421
15,2011-01-15,winter,2011,January,no,Saturday,no,Mist,2.2020545854232694,-1.3551958818964547,49.875,10.583521,222,1026,1248
16,2011-01-16,winter,2011,January,no,Sunday,no,Few clouds,2.104486449589965,-2.5589740654826354,48.375,12.625010999999999,251,953,1204
17,2011-01-17,winter,2011,January,yes,Monday,no,Mist + Few clouds,-1.165393079891933,-7.535745676442822,53.75,12.999139,117,883,1000
18,2011-01-18,winter,2011,January,no,Tuesday,yes,Mist,1.226021841246867,-2.7221923524834537,86.16669999999999,9.833924999999999,9,674,683
19,2011-01-19,winter,2011,January,no,Wednesday,yes,Mist + Few clouds,5.6480369867243425,3.0033561451795343,74.1739,13.957239,78,1572,1650
20,2011-01-20,winter,2011,January,no,Thursday,yes,Mist + Broken clouds,3.861415666276155,-0.7541298122511915,53.833299999999994,13.125568,83,1844,1927
21,2011-01-21,winter,2011,January,no,Friday,yes,Partly cloudy,-1.0677663797514034,-9.176418669660174,45.7083,23.667214,75,1468,1543
22,2011-01-22,winter,2011,January,no,Saturday,no,Clear,-8.0,-16.0,40.0,11.52199,93,888,981
23,2011-01-23,winter,2011,January,no,Sunday,no,Clear,-5.810204419337386,-14.287290910370132,43.6522,16.5222,150,836,986
24,2011-01-24,winter,2011,January,no,Monday,yes,Clear,-5.759276897776376,-12.633371592268265,49.173899999999996,10.60811,86,1330,1416
25,2011-01-25,winter,2011,January,no,Tuesday,yes,Mist + Cloudy,1.6249033377418556,-2.5322041872006533,61.695699999999995,8.696332,186,1799,1985
26,2011-01-26,winter,2011,January,no,Wednesday,yes,Light Snow,1.2748059091635202,-5.211444497066523,86.25,19.68795,34,472,506
27,2011-01-27,winter,2011,January,no,Thursday,yes,Partly cloudy,-0.04289100335112295,-3.8166385412739707,68.75,7.627078999999999,15,416,431
28,2011-01-28,winter,2011,January,no,Friday,yes,Mist + Broken clouds,0.4536171932843942,-3.5032836877272864,79.30430000000001,8.2611,38,1129,1167
29,2011-01-29,winter,2011,January,no,Saturday,no,Clear,0.04624387224209059,-4.4728037778685525,65.17389999999999,9.739455,123,975,1098
30,2011-01-30,winter,2011,January,no,Sunday,no,Clear,1.2175300166995502,-1.1637349401385961,72.2174,4.956834199999999,140,956,1096
31,2011-01-31,winter,2011,January,no,Monday,yes,Mist + Broken clouds,-0.8725715437775667,-6.71454284073117,60.375,12.541864,42,1459,1501
32,2011-02-01,winter,2011,February,no,Tuesday,yes,Mist + Few clouds,-0.2083937355629617,-2.531857651559463,82.9565,3.565271,47,1313,1360
33,2011-02-02,winter,2011,February,no,Wednesday,yes,Mist + Broken clouds,3.7637889661356283,-0.8089690774696177,77.5417,17.708636,72,1454,1526
34,2011-02-03,winter,2011,February,no,Thursday,yes,Partly cloudy,-0.5139237263446912,-7.439841937743298,43.7826,18.609384,61,1489,1550
35,2011-02-04,winter,2011,February,no,Friday,yes,Mist + Few clouds,0.9119414616105974,-3.0467229804585383,58.521699999999996,8.565213,88,1620,1708
36,2011-02-05,winter,2011,February,no,Saturday,no,Mist,2.2020545854232694,-1.7930436645408996,92.91669999999999,10.792293,100,905,1005
37,2011-02-06,winter,2011,February,no,Sunday,no,Partly cloudy,5.276680714624106,2.418490616759936,56.833299999999994,9.5006,354,1269,1623
38,2011-02-07,winter,2011,February,no,Monday,yes,Few clouds,4.447058738504886,3.45697129949815,73.83330000000001,3.0423561,120,1592,1712
39,2011-02-08,winter,2011,February,no,Tuesday,yes,Clear,1.4700007451373551,-5.675282452800269,53.7917,24.25065,64,1466,1530
40,2011-02-09,winter,2011,February,no,Wednesday,yes,Mist + Few clouds,-3.569457891390873,-10.350308154193659,49.4783,12.652213,53,1552,1605
41,2011-02-10,winter,2011,February,no,Thursday,yes,Partly cloudy,-3.0092902928040903,-9.894180616476406,43.7391,14.869645,47,1491,1538
42,2011-02-11,winter,2011,February,no,Friday,yes,Partly cloudy,-0.38894749473108003,-4.352989079926871,50.6364,7.272849999999999,149,1597,1746
43,2011-02-12,winter,2011,February,no,Saturday,no,Clear,1.5676274452778856,-2.668392694188599,54.4167,13.625589,288,1184,1472
44,2011-02-13,winter,2011,February,no,Sunday,no,Partly cloudy,7.073960738986862,5.229067934637076,45.7391,17.479160999999998,397,1192,1589
45,2011-02-14,winter,2011,February,no,Monday,yes,Partly cloudy,12.841256585680952,11.66050953340551,37.583299999999994,27.999836,208,1705,1913
46,2011-02-15,winter,2011,February,no,Tuesday,yes,Partly cloudy,4.1202699042012565,-0.8213577266421872,31.434800000000003,19.522058,140,1675,1815
47,2011-02-16,winter,2011,February,no,Wednesday,yes,Few clouds,7.175804069247434,4.543533802451581,42.3478,16.869996999999998,218,1897,2115
48,2011-02-17,winter,2011,February,no,Thursday,yes,Few clouds,14.061326798055067,14.286210086707417,50.5,15.416968,259,2216,2475
49,2011-02-18,winter,2011,February,no,Friday,yes,Partly cloudy,19.088135544223153,21.50498066226111,51.6667,17.749975000000003,579,2348,2927
50,2011-02-19,winter,2011,February,no,Saturday,no,Few clouds,11.914007909421205,11.058750392477862,18.7917,34.000021,532,1103,1635
51,2011-02-20,winter,2011,February,no,Sunday,no,Partly cloudy,5.2406051013748165,1.17607370918099,40.7826,14.956745,639,1173,1812
52,2011-02-21,winter,2011,February,yes,Monday,no,Mist + Cloudy,6.301556091024386,1.7604194341388002,60.5,20.625682,195,912,1107
53,2011-02-22,winter,2011,February,no,Tuesday,yes,Partly cloudy,-0.791225721044996,-6.733342399265766,57.7778,13.110761,74,1376,1450
54,2011-02-23,winter,2011,February,no,Wednesday,yes,Clear,1.5230600074812788,-1.5626840970593818,42.3043,6.3055710000000005,139,1778,1917
55,2011-02-24,winter,2011,February,no,Thursday,yes,Mist + Few clouds,5.851723647245498,2.2036385192216983,69.7391,16.783231999999998,100,1707,1807
56,2011-02-25,winter,2011,February,no,Friday,yes,Mist + Broken clouds,9.874857296227987,7.511698203160197,71.2174,23.218113,120,1341,1461
57,2011-02-26,winter,2011,February,no,Saturday,no,Few clouds,5.08148587865027,1.5972877810482764,53.7917,12.500257,424,1545,1969
58,2011-02-27,winter,2011,February,no,Sunday,no,Partly cloudy,8.652620204486627,7.567836977033085,68.0,8.391615999999999,694,1708,2402
59,2011-02-28,winter,2011,February,no,Monday,yes,Mist + Broken clouds,12.388730183769812,11.813678286811793,87.63640000000001,19.408962,81,1365,1446
60,2011-03-01,winter,2011,March,no,Tuesday,yes,Partly cloudy,4.154237202390522,0.010760981766971156,53.5,14.500475,137,1714,1851
61,2011-03-02,winter,2011,March,no,Wednesday,yes,Partly cloudy,8.15611200785111,4.878893669213877,44.9583,20.624811,231,1903,2134
62,2011-03-03,winter,2011,March,no,Thursday,yes,Few clouds,0.15230383262271197,-5.511804264068559,31.833299999999998,15.125518000000001,123,1562,1685
63,2011-03-04,winter,2011,March,no,Friday,yes,Mist + Few clouds,3.861415666276155,-0.6996370826739557,61.0417,13.624182,214,1730,1944
64,2011-03-05,winter,2011,March,no,Saturday,no,Mist + Cloudy,11.03554330107811,9.964997274969729,78.91669999999999,16.875357,640,1437,2077
65,2011-03-06,winter,2011,March,no,Sunday,no,Mist + Few clouds,10.587819172359243,8.879734280670768,94.8261,23.000229,114,491,605
66,2011-03-07,winter,2011,March,no,Monday,yes,Partly cloudy,3.8656322963962015,-2.1912997501793043,55.1304,22.870584,244,1628,1872
67,2011-03-08,winter,2011,March,no,Tuesday,yes,Clear,5.667128950879002,3.347985840343675,42.0833,8.083549999999999,316,1817,2133
68,2011-03-09,winter,2011,March,no,Wednesday,yes,Mist + Few clouds,5.862323786852839,1.9798631289228048,77.5417,14.750050000000002,191,1700,1891
69,2011-03-10,winter,2011,March,no,Thursday,yes,Light Snow,11.323913949843536,10.561818283010407,0.0,17.545759,46,577,623
70,2011-03-11,winter,2011,March,no,Friday,yes,Mist + Broken clouds,7.073960738986862,3.5732340071176303,64.95649999999999,15.60899,247,1730,1977
71,2011-03-12,winter,2011,March,no,Saturday,no,Few clouds,7.814506403820086,5.370887645794365,59.458299999999994,14.791924999999999,724,1408,2132
72,2011-03-13,winter,2011,March,no,Sunday,no,Clear,11.046143440685448,10.078660965280278,52.73910000000001,18.130468,982,1435,2417
73,2011-03-14,winter,2011,March,no,Monday,yes,Clear,7.5831773902897375,5.912349585154832,49.695699999999995,9.174042,359,1687,2046
74,2011-03-15,winter,2011,March,no,Tuesday,yes,Mist + Cloudy,7.124853121963534,4.714895677020383,65.5652,12.348703,289,1767,2056
75,2011-03-16,winter,2011,March,no,Wednesday,yes,Mist,9.92574967920466,8.938472071852587,77.65220000000001,13.608839,321,1871,2192
76,2011-03-17,winter,2011,March,no,Thursday,yes,Few clouds,12.841256585680952,12.698643680502535,60.291700000000006,14.041792999999998,424,2320,2744
77,2011-03-18,winter,2011,March,no,Friday,yes,Partly cloudy,20.161794988540088,22.806741798393958,52.5217,15.478139,884,2355,3239
78,2011-03-19,winter,2011,March,no,Saturday,no,Few clouds,16.208704250996156,17.566776367949444,37.9167,24.667189,1424,1693,3117
79,2011-03-20,winter,2011,March,no,Sunday,no,Partly cloudy,8.009701239793923,5.370887645794365,47.375,13.917307,1047,1424,2471
80,2011-03-21,spring,2011,March,no,Monday,yes,Mist + Cloudy,13.745196667666,12.646836602144532,73.73910000000001,19.348461,401,1676,2077
81,2011-03-22,spring,2011,March,no,Tuesday,yes,Few clouds,14.402990966393311,15.324430867714742,62.4583,15.125250000000001,460,2243,2703
82,2011-03-23,spring,2011,March,no,Wednesday,yes,Mist + Broken clouds,8.856365429315005,6.426868378412717,83.9565,15.695487,203,1918,2121
83,2011-03-24,spring,2011,March,no,Thursday,yes,Mist + Few clouds,5.2278966467074515,0.6132131939769963,80.58330000000001,16.333729,166,1699,1865
84,2011-03-25,spring,2011,March,no,Friday,yes,Few clouds,4.007826434333337,-0.6447978174555296,49.5,15.458575000000002,300,1910,2210
85,2011-03-26,spring,2011,March,no,Saturday,no,Clear,4.105394570166643,-0.5357257243907565,39.4167,14.041257,981,1515,2496
86,2011-03-27,spring,2011,March,no,Sunday,no,Mist + Few clouds,3.3563570807860987,-1.1622621636635362,49.3913,12.348099999999999,472,1221,1693
87,2011-03-28,spring,2011,March,no,Monday,yes,Partly cloudy,4.01842657394068,-0.5354658226598605,30.2174,14.217668,222,1806,2028
88,2011-03-29,spring,2011,March,no,Tuesday,yes,Few clouds,6.252772023107731,2.5256567637981533,31.4167,15.208732,317,2108,2425
89,2011-03-30,spring,2011,March,no,Wednesday,yes,Mist + Broken clouds,6.106361255050549,2.910484593340424,64.6667,11.583495999999998,168,1368,1536
90,2011-03-31,spring,2011,March,no,Thursday,yes,Light Snow,4.251805338223829,-0.5353791887495642,91.8333,14.582282000000001,179,1506,1685
91,2011-04-01,spring,2011,April,no,Friday,yes,Mist + Broken clouds,6.106361255050549,1.70661977584394,68.625,17.333436,307,1920,2227
92,2011-04-02,spring,2011,April,no,Saturday,no,Mist + Cloudy,6.984825863393649,4.4947589109539905,65.375,13.208782,898,1354,2252
93,2011-04-03,spring,2011,April,no,Sunday,no,Partly cloudy,10.693879132739866,9.96395766804616,48.0,12.208271000000002,1651,1598,3249
94,2011-04-04,spring,2011,April,no,Monday,yes,Partly cloudy,22.113919041200113,24.185953650332934,42.625,25.833257,734,2381,3115
95,2011-04-05,spring,2011,April,no,Tuesday,yes,Mist,12.792472517764303,11.66050953340551,64.2083,26.000488999999998,167,1628,1795
96,2011-04-06,spring,2011,April,no,Wednesday,yes,Partly cloudy,11.425932973025777,10.729888068987893,47.0833,17.625221,413,2395,2808
97,2011-04-07,spring,2011,April,no,Thursday,yes,Few clouds,14.158953498195597,14.722671726787098,60.291700000000006,10.874904,571,2570,3141
98,2011-04-08,spring,2011,April,no,Friday,yes,Mist + Few clouds,8.204896075767763,5.260775945806024,83.625,15.208464,172,1299,1471
99,2011-04-09,spring,2011,April,no,Saturday,no,Mist + Few clouds,8.595344312022657,6.73788411638137,87.75,8.916561,879,1576,2455
100,2011-04-10,spring,2011,April,no,Sunday,no,Mist + Cloudy,13.524526358050213,14.119786345025584,85.75,9.833389,1188,1707,2895
101,2011-04-11,spring,2011,April,no,Monday,yes,Mist + Broken clouds,23.42101581410742,26.116850243047487,71.6956,21.739758,855,2493,3348
102,2011-04-12,spring,2011,April,no,Tuesday,yes,Mist + Broken clouds,17.965633467682345,19.865087374236438,73.9167,18.416892999999998,257,1777,2034
103,2011-04-13,spring,2011,April,no,Wednesday,yes,Mist + Cloudy,12.694845817623769,13.300749357071371,81.91669999999999,16.791338999999997,209,1953,2162
104,2011-04-14,spring,2011,April,no,Thursday,yes,Clear,15.91588271488179,17.239040285293342,54.041700000000006,7.4169,529,2738,3267
105,2011-04-15,spring,2011,April,yes,Friday,no,Clear,14.695812502507675,15.434542567703087,67.125,15.167124999999999,642,2484,3126
106,2011-04-16,spring,2011,April,no,Saturday,no,Light Snow,13.768505261940703,14.011927126704979,88.83330000000001,22.834136,121,674,795
107,2011-04-17,spring,2011,April,no,Sunday,no,Partly cloudy,15.281455574736409,15.762278650359185,47.9583,20.334232,1558,2186,3744
108,2011-04-18,spring,2011,April,no,Monday,yes,Partly cloudy,18.551276539911076,20.739396796960563,54.25,10.958988999999999,669,2760,3429
109,2011-04-19,spring,2011,April,no,Tuesday,yes,Mist,18.160828303656185,19.536225050746474,66.5833,10.584057,409,2795,3204
110,2011-04-20,spring,2011,April,no,Wednesday,yes,Partly cloudy,23.382831885798108,26.04537726705192,61.4167,16.208975,613,3331,3944
111,2011-04-21,spring,2011,April,no,Thursday,yes,Clear,15.427866342793585,16.472330179158924,40.708299999999994,21.792286,745,3444,4189
112,2011-04-22,spring,2011,April,no,Friday,yes,Mist,8.253738707991637,5.042025322304397,72.9583,14.707906999999999,177,1506,1683
113,2011-04-23,spring,2011,April,no,Saturday,no,Mist,15.476650410710246,16.145633703426398,88.79169999999999,15.458575000000002,1462,2574,4036
114,2011-04-24,spring,2011,April,no,Sunday,no,Mist + Cloudy,22.60199397759554,24.95127761390259,81.08330000000001,12.875725000000001,1710,2481,4191
115,2011-04-25,spring,2011,April,no,Monday,yes,Few clouds,24.066101658167362,26.921072832340805,77.6667,12.417311,773,3300,4073
116,2011-04-26,spring,2011,April,no,Tuesday,yes,Partly cloudy,25.53020933873919,28.617624697700165,72.9167,21.875500000000002,678,3722,4400
117,2011-04-27,spring,2011,April,no,Wednesday,yes,Mist + Broken clouds,24.846939566369933,26.976691802751915,83.54169999999999,20.917399999999997,547,3325,3872
118,2011-04-28,spring,2011,April,no,Thursday,yes,Mist + Few clouds,24.700528798312753,27.304774421049203,70.08330000000001,21.500836000000003,569,3489,4058
119,2011-04-29,spring,2011,April,no,Friday,yes,Partly cloudy,18.404865771853895,20.247056284738882,45.7083,16.084221,878,3717,4595
120,2011-04-30,spring,2011,April,no,Saturday,no,Few clouds,16.208704250996156,17.349845056564064,50.3333,15.750025,1965,3347,5312
121,2011-05-01,spring,2011,May,no,Sunday,no,Mist + Few clouds,14.988634038622042,15.979556497385754,76.2083,7.125718,1138,2213,3351
122,2011-05-02,spring,2011,May,no,Monday,yes,Mist,20.69865399285216,23.31129769196761,73.0,12.291418,847,3554,4401
123,2011-05-03,spring,2011,May,no,Tuesday,yes,Mist + Broken clouds,24.651744730396096,27.57767123848688,69.7083,22.958689,603,3848,4451
124,2011-05-04,spring,2011,May,no,Wednesday,yes,Mist + Cloudy,12.792472517764303,12.206303168280858,73.70830000000001,22.042732,255,2378,2633
125,2011-05-05,spring,2011,May,no,Thursday,yes,Partly cloudy,15.427866342793585,15.434889103344275,44.4167,19.791263999999998,614,3819,4433
126,2011-05-06,spring,2011,May,no,Friday,yes,Partly cloudy,16.59915248725105,18.22450101492938,59.0,15.292482,894,3714,4608
127,2011-05-07,spring,2011,May,no,Saturday,no,Clear,18.990508844082626,21.56025309703103,54.125,10.750150000000001,1612,3102,4714
128,2011-05-08,spring,2011,May,no,Sunday,no,Partly cloudy,19.47852521617083,22.107086338829944,63.1667,5.0007125,1401,2932,4333
129,2011-05-09,spring,2011,May,no,Monday,yes,Partly cloudy,19.722562684368537,22.65400621453916,58.875,11.792,664,3698,4362
130,2011-05-10,spring,2011,May,no,Tuesday,yes,Clear,19.722562684368537,22.43525559103753,48.9167,7.749956999999999,694,4109,4803
131,2011-05-11,spring,2011,May,no,Wednesday,yes,Partly cloudy,20.308205756597268,22.927249567618027,63.29169999999999,8.083014,550,3632,4182
132,2011-05-12,spring,2011,May,no,Thursday,yes,Clear,19.868973452425724,22.490874561448642,74.75,12.707689,695,4169,4864
133,2011-05-13,spring,2011,May,no,Friday,yes,Mist + Cloudy,18.551276539911076,19.973033226467344,86.33330000000001,12.041575,692,3413,4105
134,2011-05-14,spring,2011,May,no,Saturday,no,Mist + Cloudy,19.03929291199928,20.52133924474132,92.25,9.041649999999999,902,2507,3409
135,2011-05-15,spring,2011,May,no,Sunday,no,Mist,21.479491901054732,23.585667285880355,86.70830000000001,10.249593,1582,2971,4553
136,2011-05-16,spring,2011,May,no,Monday,yes,Partly cloudy,22.35795650939783,24.842898592120193,78.79169999999999,8.500357000000001,773,3185,3958
137,2011-05-17,spring,2011,May,no,Tuesday,yes,Mist + Broken clouds,21.430707833138083,23.804764445023174,83.7917,18.582718,678,3445,4123
138,2011-05-18,spring,2011,May,no,Wednesday,yes,Mist + Broken clouds,20.74743806076882,22.819650251028314,87.0,13.499964,536,3319,3855
139,2011-05-19,spring,2011,May,no,Thursday,yes,Mist,19.624935984228014,21.397467979581705,82.9583,7.250271000000001,735,3840,4575
140,2011-05-20,spring,2011,May,no,Friday,yes,Partly cloudy,19.966600152566254,22.982868538029138,71.9583,8.375871,909,4008,4917
141,2011-05-21,spring,2011,May,no,Saturday,no,Partly cloudy,23.82206418996966,26.702322208839178,62.6667,8.083549999999999,2258,3547,5805
142,2011-05-22,spring,2011,May,no,Sunday,no,Few clouds,23.919690890110182,26.921072832340805,74.9583,9.916536,1576,3084,4660
143,2011-05-23,spring,2011,May,no,Monday,yes,Mist + Few clouds,25.53020933873919,28.289542079402878,81.0,15.667413999999999,836,3438,4274
144,2011-05-24,spring,2011,May,no,Tuesday,yes,Mist + Broken clouds,27.189511855284863,29.547206555194208,74.0833,13.875164,659,3833,4492
145,2011-05-25,spring,2011,May,no,Wednesday,yes,Partly cloudy,27.238295923201512,30.47670177877795,69.625,10.333611000000001,740,4238,4978
146,2011-05-26,spring,2011,May,no,Thursday,yes,Partly cloudy,30.020100516287982,33.868072831290704,67.75,13.376014,758,3919,4677
147,2011-05-27,spring,2011,May,no,Friday,yes,Clear,28.458424699882848,32.33638529722782,65.375,16.125493,871,3808,4679
148,2011-05-28,spring,2011,May,no,Saturday,no,Partly cloudy,26.945474387087145,30.202678720506412,72.9583,15.416164,2001,2757,4758
149,2011-05-29,spring,2011,May,no,Sunday,no,Few clouds,27.628744159456403,30.47739485006033,81.875,14.333846,2355,2433,4788
150,2011-05-30,spring,2011,May,yes,Monday,no,Clear,31.48420819685981,35.28921549581375,68.5,8.792075,1549,2549,4098
151,2011-05-31,spring,2011,May,no,Tuesday,yes,Partly cloudy,33.924407185915264,39.992657119784774,63.6667,7.459042999999999,673,3309,3982
152,2011-06-01,spring,2011,June,no,Wednesday,yes,Mist + Few clouds,33.28998004576988,39.61008177191025,67.7083,13.875164,513,3461,3974
153,2011-06-02,spring,2011,June,no,Thursday,yes,Partly cloudy,30.410548752542873,32.93710483123189,30.5,19.583229000000003,736,4232,4968
154,2011-06-03,spring,2011,June,no,Friday,yes,Few clouds,24.846939566369933,28.015519021131325,35.4167,16.959107,898,4414,5312
155,2011-06-04,spring,2011,June,no,Saturday,no,Clear,25.725404174713034,28.670731284712637,45.625,8.250514,1869,3473,5342
156,2011-06-05,spring,2011,June,no,Sunday,no,Mist + Few clouds,26.5062420829156,30.586033773573618,65.25,9.292364000000001,1685,3221,4906
157,2011-06-06,spring,2011,June,no,Monday,yes,Partly cloudy,28.263171299601787,31.023881556218065,60.0,8.167032,673,3875,4548
158,2011-06-07,spring,2011,June,no,Tuesday,yes,Clear,29.971316448371326,33.977404826086364,59.791700000000006,12.583136,763,4070,4833
159,2011-06-08,spring,2011,June,no,Wednesday,yes,Partly cloudy,33.973191253831914,40.15691501370916,62.20830000000001,9.166739,676,3725,4401
160,2011-06-09,spring,2011,June,no,Thursday,yes,Mist,35.87653123857529,42.78192249572869,56.833299999999994,10.042161,563,3352,3915
161,2011-06-10,spring,2011,June,no,Friday,yes,Partly cloudy,32.753121041457796,38.078827407398855,60.5,9.417118,815,3771,4586
162,2011-06-11,spring,2011,June,no,Saturday,no,Partly cloudy,30.996191824771607,35.89097463674139,65.45830000000001,10.374949999999998,1729,3237,4966
163,2011-06-12,spring,2011,June,no,Sunday,no,Partly cloudy,29.09285184002823,32.88365170857823,74.7917,10.958988999999999,1467,2993,4460
164,2011-06-13,spring,2011,June,no,Monday,yes,Partly cloudy,25.725404174713034,29.273530032563855,49.4583,20.45845,863,4157,5020
165,2011-06-14,spring,2011,June,no,Tuesday,yes,Clear,23.919690890110182,28.39783446727497,50.708299999999994,18.041961,727,4164,4891
166,2011-06-15,spring,2011,June,no,Wednesday,yes,Partly cloudy,25.23738780262483,28.069318679426182,47.1667,11.250104,769,4411,5180
167,2011-06-16,spring,2011,June,no,Thursday,yes,Mist + Broken clouds,25.334955938458137,28.727043326406125,68.8333,13.833556999999999,545,3222,3767
168,2011-06-17,spring,2011,June,no,Friday,yes,Few clouds,26.555084715139472,29.16341833257551,73.5833,9.582942999999998,863,3981,4844
169,2011-06-18,spring,2011,June,no,Saturday,no,Clear,29.336889308225942,32.93814443815547,67.0417,8.000336,1807,3312,5119
170,2011-06-19,spring,2011,June,no,Sunday,no,Mist,29.48330007628313,33.10205579643866,66.6667,6.834,1639,3105,4744
171,2011-06-20,spring,2011,June,no,Monday,yes,Mist,25.725404174713034,28.727043326406125,74.625,10.416825,699,3311,4010
172,2011-06-21,summer,2011,June,no,Tuesday,yes,Mist + Broken clouds,28.409582067658974,32.391657731997746,77.0417,11.458675000000001,774,4061,4835
173,2011-06-22,summer,2011,June,no,Wednesday,yes,Few clouds,31.48420819685981,37.259010714251964,70.75,11.541554,661,3846,4507
174,2011-06-23,summer,2011,June,no,Thursday,yes,Mist + Few clouds,31.191386660745444,37.25935724989316,70.3333,15.999868,746,4044,4790
175,2011-06-24,summer,2011,June,no,Friday,yes,Clear,30.947407756854957,34.03224409130479,57.3333,14.875675,969,4022,4991
176,2011-06-25,summer,2011,June,no,Saturday,no,Few clouds,29.23926260808541,32.882612101654665,48.3333,14.041257,1782,3420,5202
177,2011-06-26,summer,2011,June,no,Sunday,no,Few clouds,28.360797999742317,32.39018495552268,51.3333,6.3337311,1920,3385,5305
178,2011-06-27,summer,2011,June,no,Monday,yes,Mist + Cloudy,28.507208767799504,32.336038761586636,65.8333,7.2083960000000005,854,3854,4708
179,2011-06-28,summer,2011,June,no,Tuesday,yes,Partly cloudy,32.11869390131241,37.14889901426362,63.416700000000006,9.666960999999999,732,3916,4648
180,2011-06-29,summer,2011,June,no,Wednesday,yes,Partly cloudy,31.191386660745444,33.868072831290704,49.7917,17.542007,848,4377,5225
181,2011-06-30,summer,2011,June,no,Thursday,yes,Few clouds,29.336889308225942,32.33638529722782,43.416700000000006,12.415904000000001,1027,4488,5515
182,2011-07-01,summer,2011,July,no,Friday,yes,Partly cloudy,30.849781056714427,33.649235573878784,39.625,6.874736,1246,4116,5362
183,2011-07-02,summer,2011,July,no,Saturday,no,Partly cloudy,31.77702973297417,34.96139277924735,44.4583,7.709154,2204,2915,5119
184,2011-07-03,summer,2011,July,no,Sunday,no,Mist + Broken clouds,30.50817545268341,35.0711579435945,68.25,15.333486,2282,2367,4649
185,2011-07-04,summer,2011,July,yes,Monday,no,Mist,31.09381852491213,34.79756805487445,63.7917,5.4591064000000005,3065,2978,6043
186,2011-07-05,summer,2011,July,no,Tuesday,yes,Few clouds,32.2651046693696,37.47637519518883,59.0417,8.459286,1031,3634,4665
187,2011-07-06,summer,2011,July,no,Wednesday,yes,Partly cloudy,30.70337028865724,36.54895918545223,74.33330000000001,10.042161,784,3845,4629
188,2011-07-07,summer,2011,July,no,Thursday,yes,Partly cloudy,32.460299505343436,36.65621196640075,65.125,10.666400000000001,754,3838,4592
189,2011-07-08,summer,2011,July,no,Friday,yes,Mist,30.068943148511856,35.23645544444246,75.79169999999999,15.083643,692,3348,4040
190,2011-07-09,summer,2011,July,no,Saturday,no,Clear,31.48420819685981,34.68849596180967,60.9167,11.250104,1988,3348,5336
191,2011-07-10,summer,2011,July,no,Sunday,no,Few clouds,32.313888737286256,36.92945531947961,57.8333,12.292557,1743,3138,4881
192,2011-07-11,summer,2011,July,no,Monday,yes,Partly cloudy,33.19235334562934,40.375665637210794,63.5833,18.916579,723,3363,4086
193,2011-07-12,summer,2011,July,no,Tuesday,yes,Partly cloudy,35.04690926245607,41.19617540164006,55.9167,13.417017999999999,662,3596,4258
194,2011-07-13,summer,2011,July,no,Wednesday,yes,Partly cloudy,32.2651046693696,36.87565566118476,63.1667,9.790911000000001,748,3594,4342
195,2011-07-14,summer,2011,July,no,Thursday,yes,Clear,28.409582067658974,32.17143433202105,47.625,16.124689,888,4196,5084
196,2011-07-15,summer,2011,July,no,Friday,yes,Partly cloudy,27.384706691258685,31.241592572796115,59.12500000000001,12.249811,1318,4220,5538
197,2011-07-16,summer,2011,July,no,Saturday,no,Partly cloudy,28.751246235997215,32.4451108546514,58.5,13.958914,2418,3505,5923
198,2011-07-17,summer,2011,July,no,Sunday,no,Partly cloudy,30.654586220740583,35.180143402748975,60.4167,16.417211,2006,3296,5302
199,2011-07-18,summer,2011,July,no,Monday,yes,Few clouds,32.2651046693696,38.13366667261728,65.125,14.458867999999999,841,3617,4458
200,2011-07-19,summer,2011,July,no,Tuesday,yes,Clear,34.02203388605579,41.90692000172218,65.0417,8.7502,752,3789,4541
201,2011-07-20,summer,2011,July,no,Wednesday,yes,Partly cloudy,33.533958949660374,41.85242727214494,70.70830000000001,7.625739,644,3688,4332
202,2011-07-21,summer,2011,July,no,Thursday,yes,Mist + Cloudy,36.26697947483018,48.741642452926286,69.125,14.875407,632,3152,3784
203,2011-07-22,summer,2011,July,no,Friday,yes,Partly cloudy,38.21910352749021,50.0,58.0417,8.9177,562,2825,3387
204,2011-07-23,summer,2011,July,no,Saturday,no,Clear,38.26794615971409,46.82841917791245,50.0,8.791807,987,2298,3285
205,2011-07-24,summer,2011,July,no,Sunday,no,Clear,37.14544408317328,46.009035654317046,55.0833,11.334456999999999,1050,2556,3606
206,2011-07-25,summer,2011,July,no,Monday,yes,Few clouds,32.069851269088545,39.60930206671757,75.7083,6.0841560999999995,568,3272,3840
207,2011-07-26,summer,2011,July,no,Tuesday,yes,Clear,33.72921234994143,37.53190753168964,54.0833,13.417285999999999,750,3840,4590
208,2011-07-27,summer,2011,July,no,Wednesday,yes,Partly cloudy,33.924407185915264,36.98507428989072,40.291700000000006,12.292020999999998,755,3901,4656
209,2011-07-28,summer,2011,July,no,Thursday,yes,Few clouds,34.168444654112974,41.25032159557611,58.3333,11.958093,606,3784,4390
210,2011-07-29,summer,2011,July,no,Friday,yes,Partly cloudy,37.63346045526148,45.24128594125906,54.25,11.667245999999999,670,3176,3846
211,2011-07-30,summer,2011,July,no,Saturday,no,Few clouds,35.632552334684796,40.265900472863635,46.5833,11.291979,1559,2916,4475
212,2011-07-31,summer,2011,July,no,Sunday,no,Partly cloudy,35.73012047051811,40.37497256592841,48.0833,11.042470999999999,1524,2778,4302
213,2011-08-01,summer,2011,August,no,Monday,yes,Partly cloudy,33.72921234994143,38.078827407398855,55.0833,10.500039,729,3537,4266
214,2011-08-02,summer,2011,August,no,Tuesday,yes,Few clouds,34.41242355800346,38.406216954413765,49.125,13.79195,801,4044,4845
215,2011-08-03,summer,2011,August,no,Wednesday,yes,Mist,31.386640061026498,36.055492432396676,65.75,9.084061,467,3107,3574
216,2011-08-04,summer,2011,August,no,Thursday,yes,Mist + Broken clouds,30.117727216428513,34.74307532529721,75.75,13.20905,799,3777,4576
217,2011-08-05,summer,2011,August,no,Friday,yes,Clear,30.16651128434517,34.03085794874003,63.083299999999994,12.374632,1023,3843,4866
218,2011-08-06,summer,2011,August,no,Saturday,no,Mist + Cloudy,30.50817545268341,35.727756349740574,75.5,15.29275,1521,2773,4294
219,2011-08-07,summer,2011,August,no,Sunday,no,Partly cloudy,32.02106720117189,39.11843433097094,75.29169999999999,13.499629,1298,2487,3785
220,2011-08-08,summer,2011,August,no,Monday,yes,Partly cloudy,33.33876411368653,38.07804770220617,59.2083,12.875725000000001,846,3480,4326
221,2011-08-09,summer,2011,August,no,Tuesday,yes,Few clouds,33.924407185915264,39.88332512498911,57.04169999999999,10.125107,907,3695,4602
222,2011-08-10,summer,2011,August,no,Wednesday,yes,Partly cloudy,33.43639081382706,36.49264714375874,42.4167,13.417285999999999,884,3896,4780
223,2011-08-11,summer,2011,August,no,Thursday,yes,Partly cloudy,30.55695952060006,33.59370323737797,42.375,11.041332,812,3980,4792
224,2011-08-12,summer,2011,August,no,Friday,yes,Few clouds,30.020100516287982,33.81210732523841,41.5,8.416607,1051,3854,4905
225,2011-08-13,summer,2011,August,no,Saturday,no,Mist + Broken clouds,28.70240360377334,33.10309540336224,72.9583,14.167418,1504,2646,4150
226,2011-08-14,summer,2011,August,no,Sunday,no,Mist + Broken clouds,28.165603163768488,31.243065349271184,81.75,14.916411,1338,2482,3820
227,2011-08-15,summer,2011,August,no,Monday,yes,Few clouds,27.531117459315873,30.530847972713993,71.20830000000001,13.999918,775,3563,4338
228,2011-08-16,summer,2011,August,no,Tuesday,yes,Partly cloudy,29.580868212116435,33.10127609124599,57.8333,15.834043000000001,721,4004,4725
229,2011-08-17,summer,2011,August,no,Wednesday,yes,Clear,30.898565124631077,34.90620697838773,57.5417,9.625689,668,4026,4694
230,2011-08-18,summer,2011,August,no,Thursday,yes,Partly cloudy,30.215353916569043,34.5238915322441,65.45830000000001,15.624936,639,3166,3805
231,2011-08-19,summer,2011,August,no,Friday,yes,Mist + Few clouds,28.65361953585669,32.008302678930534,72.2917,9.333635999999998,797,3356,4153
232,2011-08-20,summer,2011,August,no,Saturday,no,Partly cloudy,29.3856733761426,33.37495261387634,67.41669999999999,6.999289,1914,3277,5191
233,2011-08-21,summer,2011,August,no,Sunday,no,Partly cloudy,30.16651128434517,35.67326362016334,77.0,16.666518,1249,2624,3873
234,2011-08-22,summer,2011,August,no,Monday,yes,Few clouds,29.044067772111582,32.444331149458726,47.0,18.54225,833,3925,4758
235,2011-08-23,summer,2011,August,no,Tuesday,yes,Clear,26.067009778744044,29.65584547870749,45.5417,9.833121,1281,4614,5895
236,2011-08-24,summer,2011,August,no,Wednesday,yes,Partly cloudy,27.97034976348742,31.789205519787714,60.5,16.958236,949,4181,5130
237,2011-08-25,summer,2011,August,no,Thursday,yes,Mist,28.604835467940028,33.10274886772105,77.1667,14.125810999999999,435,3107,3542
238,2011-08-26,summer,2011,August,no,Friday,yes,Partly cloudy,29.53208414419978,34.305140908742466,76.125,5.625487499999999,768,3893,4661
239,2011-08-27,summer,2011,August,no,Saturday,no,Mist,28.360797999742317,32.2105928594756,85.0,25.166338999999997,226,889,1115
240,2011-08-28,summer,2011,August,no,Sunday,no,Partly cloudy,29.94548958888604,33.285113248897645,56.1765,20.412153,1415,2919,4334
241,2011-08-29,summer,2011,August,no,Monday,yes,Clear,25.823030874853558,29.819670203080392,55.45830000000001,10.708275,729,3905,4634
242,2011-08-30,summer,2011,August,no,Tuesday,yes,Partly cloudy,25.969441642910745,28.671424355995015,54.833299999999994,8.375536,775,4429,5204
243,2011-08-31,summer,2011,August,no,Wednesday,yes,Partly cloudy,26.99431701931102,30.093693261351937,59.791700000000006,5.5833311,688,4370,5058
244,2011-09-01,summer,2011,September,no,Thursday,yes,Partly cloudy,26.89669031917049,30.4229021204831,63.916700000000006,9.500332,783,4332,5115
245,2011-09-02,summer,2011,September,no,Friday,yes,Mist + Broken clouds,26.21342054680123,29.546773385642716,72.70830000000001,9.375243,875,3852,4727
246,2011-09-03,summer,2011,September,no,Saturday,no,Few clouds,27.726370859596926,32.00760960764815,71.6667,12.416775,1935,2549,4484
247,2011-09-04,summer,2011,September,no,Sunday,no,Partly cloudy,30.068943148511856,34.798607661798016,74.20830000000001,13.833289,2521,2419,4940
248,2011-09-05,summer,2011,September,yes,Monday,no,Mist,27.97034976348742,31.352050808425652,79.0417,14.250632,1236,2115,3351
249,2011-09-06,summer,2011,September,no,Tuesday,yes,Light Snow,20.161794988540088,21.783681951688735,88.6957,23.044181,204,2506,2710
250,2011-09-07,summer,2011,September,no,Wednesday,yes,Light Snow,23.62686935399582,24.29857773371991,91.7083,6.500393600000001,118,1878,1996
251,2011-09-08,summer,2011,September,no,Thursday,yes,Light Rain + Scattered clouds,25.661744772761764,25.26298642315362,93.9565,12.914116,153,1689,1842
252,2011-09-09,summer,2011,September,no,Friday,yes,Mist + Cloudy,26.60386878305613,27.306247197524257,89.79169999999999,8.333393000000001,417,3127,3544
253,2011-09-10,summer,2011,September,no,Saturday,no,Few clouds,27.189511855284863,29.820016738721577,75.375,10.291736,1750,3595,5345
254,2011-09-11,summer,2011,September,no,Sunday,no,Few clouds,26.799063619029965,29.929781903068736,71.375,7.708618,1633,3413,5046
255,2011-09-12,summer,2011,September,no,Monday,yes,Partly cloudy,26.272863318632446,29.314767773865547,69.2174,5.957171000000001,690,4023,4713
256,2011-09-13,summer,2011,September,no,Tuesday,yes,Few clouds,26.65265285097278,29.438134462129433,71.25,9.500868,701,4062,4763
257,2011-09-14,summer,2011,September,no,Wednesday,yes,Partly cloudy,27.97034976348742,31.460689731938935,69.7083,11.2091,647,4138,4785
258,2011-09-15,summer,2011,September,no,Thursday,yes,Mist + Few clouds,22.35795650939783,25.116575114750553,70.9167,18.166782,428,3231,3659
259,2011-09-16,summer,2011,September,no,Friday,yes,Mist + Broken clouds,16.01350941502232,17.12927512094619,59.0417,11.000261,742,4018,4760
260,2011-09-17,summer,2011,September,no,Saturday,no,Mist + Broken clouds,17.331206327536965,18.605257050687662,71.8333,12.708225,1434,3077,4511
261,2011-09-18,summer,2011,September,no,Sunday,no,Few clouds,18.25845500379671,19.64702982201719,69.5,11.958361,1353,2921,4274
262,2011-09-19,summer,2011,September,no,Monday,yes,Mist,20.69865399285216,23.037707803247564,69.0,10.166713999999999,691,3848,4539
263,2011-09-20,summer,2011,September,no,Tuesday,yes,Mist,21.430707833138083,23.257931203224253,88.125,9.041917999999999,438,3203,3641
264,2011-09-21,summer,2011,September,no,Wednesday,yes,Mist + Cloudy,23.382831885798108,24.844717904236454,90.0,6.4590814,539,3813,4352
265,2011-09-22,summer,2011,September,no,Thursday,yes,Mist + Broken clouds,25.334955938458137,25.228506126855144,90.2083,8.584375,555,4240,4795
266,2011-09-23,fall,2011,September,no,Friday,yes,Mist + Broken clouds,24.21251242622455,22.38362178050012,97.25,5.2505689,258,2137,2395
267,2011-09-24,fall,2011,September,no,Saturday,no,Mist + Broken clouds,24.066101658167362,26.047109945257866,86.25,5.2516811,1776,3647,5423
268,2011-09-25,fall,2011,September,no,Sunday,no,Mist + Cloudy,25.676620106796378,26.759673857456235,84.5,3.3754064,1544,3466,5010
269,2011-09-26,fall,2011,September,no,Monday,yes,Mist + Broken clouds,26.555084715139472,28.18090315588958,84.8333,7.4169,684,3946,4630
270,2011-09-27,fall,2011,September,no,Tuesday,yes,Mist,25.823030874853558,26.923238680098244,88.5417,7.917457,477,3643,4120
271,2011-09-28,fall,2011,September,no,Wednesday,yes,Mist + Broken clouds,25.725404174713034,26.97807794531667,84.875,9.958143000000002,480,3427,3907
272,2011-09-29,fall,2011,September,no,Thursday,yes,Few clouds,24.651744730396096,26.92211243926438,69.91669999999999,11.583161,653,4186,4839
273,2011-09-30,fall,2011,September,no,Friday,yes,Few clouds,21.57711860119526,24.350558079898512,64.75,13.833825,830,4372,5202
274,2011-10-01,fall,2011,October,no,Saturday,no,Mist + Few clouds,12.548435049566589,12.91782747355565,75.375,19.583832,480,1949,2429
275,2011-10-02,fall,2011,October,no,Sunday,no,Mist + Broken clouds,9.425024852449098,7.066053368588953,79.1667,14.874870999999999,616,2302,2918
276,2011-10-03,fall,2011,October,no,Monday,yes,Mist + Few clouds,11.03554330107811,11.114369362888972,76.0833,5.5841686,330,3240,3570
277,2011-10-04,fall,2011,October,no,Tuesday,yes,Clear,16.891974023365414,18.115428921864613,71.0,13.792218,486,3970,4456
278,2011-10-05,fall,2011,October,no,Wednesday,yes,Partly cloudy,20.064168288399557,22.817917572822367,64.79169999999999,11.87575,559,4267,4826
279,2011-10-06,fall,2011,October,no,Thursday,yes,Clear,17.477617095594148,18.77098772108711,62.083299999999994,9.041917999999999,639,4126,4765
280,2011-10-07,fall,2011,October,no,Friday,yes,Clear,18.45364983977055,20.84838225611503,68.41669999999999,1.5002439,949,4036,4985
281,2011-10-08,fall,2011,October,no,Saturday,no,Partly cloudy,19.088135544223153,21.61405275532588,70.125,3.0420814,2235,3174,5409
282,2011-10-09,fall,2011,October,no,Sunday,no,Partly cloudy,20.21057905645674,22.5445875858332,72.75,4.251150000000001,2397,3114,5511
283,2011-10-10,fall,2011,October,yes,Monday,no,Partly cloudy,21.967508273142936,24.18560711469174,73.375,2.8343814,1514,3603,5117
284,2011-10-11,fall,2011,October,no,Tuesday,yes,Mist + Few clouds,21.723529369252446,24.46032324424567,80.875,9.583814,667,3896,4563
285,2011-10-12,fall,2011,October,no,Wednesday,yes,Light Snow,20.35698982451392,22.00173950390797,90.625,16.62605,217,2199,2416
286,2011-10-13,fall,2011,October,no,Thursday,yes,Mist + Broken clouds,23.041226281767088,24.95482960422479,89.6667,9.499729,290,2623,2913
287,2011-10-14,fall,2011,October,no,Friday,yes,Mist + Broken clouds,20.79622212868547,23.037707803247564,71.625,15.000161,529,3115,3644
288,2011-10-15,fall,2011,October,no,Saturday,no,Partly cloudy,18.209670935880055,20.35638827953455,48.3333,17.291561,1899,3318,5217
289,2011-10-16,fall,2011,October,no,Sunday,no,Clear,18.502492471994426,20.74008986824294,48.6667,18.875039,1748,3293,5041
290,2011-10-17,fall,2011,October,no,Monday,yes,Partly cloudy,19.820189384509067,21.395995203106636,57.958299999999994,11.750393,713,3857,4570
291,2011-10-18,fall,2011,October,no,Tuesday,yes,Mist,19.722562684368537,22.43525559103753,70.1667,7.375829,637,4111,4748
292,2011-10-19,fall,2011,October,no,Wednesday,yes,Light Snow,20.26363831880066,21.666552904966267,89.52170000000001,16.303713,254,2170,2424
293,2011-10-20,fall,2011,October,no,Thursday,yes,Partly cloudy,16.403899086969993,17.566776367949444,63.625,28.292425,471,3724,4195
294,2011-10-21,fall,2011,October,no,Friday,yes,Partly cloudy,13.573310425966866,13.84766923278059,57.4167,14.833532,676,3628,4304
295,2011-10-22,fall,2011,October,no,Saturday,no,Partly cloudy,13.2804888898525,14.011927126704979,62.916700000000006,6.2086689,1499,2809,4308
296,2011-10-23,fall,2011,October,no,Sunday,no,Partly cloudy,13.231704821935846,13.73825060407463,74.125,6.6673375,1619,2762,4381
297,2011-10-24,fall,2011,October,no,Monday,yes,Partly cloudy,15.671845246684079,16.74739284435404,77.2083,7.959064,699,3488,4187
298,2011-10-25,fall,2011,October,no,Tuesday,yes,Partly cloudy,16.159920183079507,17.293879550511768,62.291700000000006,11.166086,695,3992,4687
299,2011-10-26,fall,2011,October,no,Wednesday,yes,Mist + Few clouds,16.891974023365414,18.114389314941036,72.04169999999999,9.959014,404,3490,3894
300,2011-10-27,fall,2011,October,no,Thursday,yes,Mist + Broken clouds,16.062293482938973,16.745573532237792,81.2917,13.250121,240,2419,2659
301,2011-10-28,fall,2011,October,no,Friday,yes,Mist + Few clouds,7.912074539653396,4.769821576149106,58.58330000000001,15.375093,456,3291,3747
302,2011-10-29,fall,2011,October,no,Saturday,no,Light Rain + Thunderstorm + Scattered clouds,3.4221833621046063,-3.1051142359991726,88.25,23.541857,57,570,627
303,2011-10-30,fall,2011,October,no,Sunday,no,Partly cloudy,7.228863331591354,4.987879128368348,62.375,11.833339,885,2446,3331
304,2011-10-31,fall,2011,October,no,Monday,yes,Clear,8.448933543965477,7.997021368647765,70.3333,7.12545,362,3307,3669
305,2011-11-01,fall,2011,November,no,Tuesday,yes,Partly cloudy,12.011576045254511,11.551177538609846,68.375,9.083257,410,3658,4068
306,2011-11-02,fall,2011,November,no,Wednesday,yes,Few clouds,10.645095064823217,10.948638692489524,71.875,5.5001439,370,3816,4186
307,2011-11-03,fall,2011,November,no,Thursday,yes,Few clouds,12.450808349426062,12.316414868269195,70.20830000000001,9.166739,318,3656,3974
308,2011-11-04,fall,2011,November,no,Friday,yes,Mist + Cloudy,12.157986813311695,12.09731770912638,62.25000000000001,18.209193,470,3576,4046
309,2011-11-05,fall,2011,November,no,Saturday,no,Partly cloudy,7.668095635762908,5.206629751869976,51.916700000000006,12.667154,1156,2770,3926
310,2011-11-06,fall,2011,November,no,Sunday,no,Partly cloudy,8.936949916053674,8.542381833971625,73.4583,6.1676314,952,2697,3649
311,2011-11-07,fall,2011,November,no,Monday,yes,Partly cloudy,11.66997044122349,11.878913621265944,75.875,3.834075,373,3662,4035
312,2011-11-08,fall,2011,November,no,Tuesday,yes,Few clouds,12.450808349426062,12.864374350901986,72.16669999999999,4.6255125,376,3829,4205
313,2011-11-09,fall,2011,November,no,Wednesday,yes,Few clouds,11.962791977337858,12.59000475698926,75.83330000000001,4.1671186,305,3804,4109
314,2011-11-10,fall,2011,November,no,Thursday,yes,Mist + Cloudy,10.791505832880397,9.526802956684094,81.3333,12.667489000000002,190,2743,2933
315,2011-11-11,fall,2011,November,yes,Friday,no,Partly cloudy,7.521684867705721,3.7306478221285033,44.625,21.083225,440,2928,3368
316,2011-11-12,fall,2011,November,no,Saturday,no,Partly cloudy,9.425024852449098,8.159806486097093,55.2917,14.208154,1275,2792,4067
317,2011-11-13,fall,2011,November,no,Sunday,no,Partly cloudy,14.354148334169434,14.450121444990614,45.8333,18.875307,1004,2713,3717
318,2011-11-14,fall,2011,November,no,Monday,yes,Partly cloudy,19.57615191631136,22.599080315410433,58.7083,20.541932,595,3891,4486
319,2011-11-15,fall,2011,November,no,Tuesday,yes,Mist + Cloudy,19.57615191631136,21.12344492131016,68.875,13.375411,449,3746,4195
320,2011-11-16,fall,2011,November,no,Wednesday,yes,Light Rain + Scattered clouds,15.281455574736409,16.307379213952153,93.0,9.167543,145,1672,1817
321,2011-11-17,fall,2011,November,no,Thursday,yes,Mist + Few clouds,8.546560244106004,5.151790486651549,57.5833,20.459254,139,2914,3053
322,2011-11-18,fall,2011,November,no,Friday,yes,Partly cloudy,4.593469506562069,0.776778016619005,41.0,11.291711,245,3147,3392
323,2011-11-19,fall,2011,November,no,Saturday,no,Clear,7.814506403820086,5.261122481447217,50.208299999999994,15.041232,943,2720,3663
324,2011-11-20,fall,2011,November,no,Sunday,no,Mist + Few clouds,15.671845246684079,16.74661313916136,68.45830000000001,12.45865,787,2733,3520
325,2011-11-21,fall,2011,November,no,Monday,yes,Light Rain + Thunderstorm + Scattered clouds,14.744596570424328,15.707352751230463,91.0,9.249618,220,2545,2765
326,2011-11-22,fall,2011,November,no,Tuesday,yes,Light Rain + Scattered clouds,12.938883285821483,13.68306480321501,96.25,7.959064,69,1538,1607
327,2011-11-23,fall,2011,November,no,Wednesday,yes,Mist + Few clouds,14.354148334169434,14.448995204156745,75.79169999999999,22.500275,112,2454,2566
328,2011-11-24,fall,2011,November,yes,Thursday,no,Clear,10.401057596625503,9.418510568812,54.9167,11.209368000000001,560,935,1495
329,2011-11-25,fall,2011,November,no,Friday,yes,Clear,10.49868429676603,10.128908633252927,64.375,6.6260186,1095,1697,2792
330,2011-11-26,fall,2011,November,no,Saturday,no,Partly cloudy,10.547468364682683,10.511483981127459,68.1667,4.5841936,1249,1819,3068
331,2011-11-27,fall,2011,November,no,Sunday,no,Partly cloudy,15.427866342793585,16.637627680006887,69.8333,13.999918,810,2261,3071
332,2011-11-28,fall,2011,November,no,Monday,yes,Partly cloudy,18.022909360146315,19.611076749243658,74.3043,9.522174,253,3614,3867
333,2011-11-29,fall,2011,November,no,Tuesday,yes,Mist + Few clouds,15.379023710569712,16.25427262693968,83.08330000000001,17.292164,96,2818,2914
334,2011-11-30,fall,2011,November,no,Wednesday,yes,Partly cloudy,7.570468935622378,4.112183563079462,61.3333,18.167586,188,3425,3613
335,2011-12-01,fall,2011,December,no,Thursday,yes,Partly cloudy,6.838415095336462,3.6212291934225433,52.4583,14.750586,182,3545,3727
336,2011-12-02,fall,2011,December,no,Friday,yes,Partly cloudy,6.936041795476989,5.8632281580160495,62.583299999999994,6.750518,268,3672,3940
337,2011-12-03,fall,2011,December,no,Saturday,no,Partly cloudy,6.057577187133898,4.058730440425794,61.291700000000006,6.4174811,706,2908,3614
338,2011-12-04,fall,2011,December,no,Sunday,no,Few clouds,7.912074539653396,7.393789451245063,77.5833,5.6252061,634,2851,3485
339,2011-12-05,fall,2011,December,no,Monday,yes,Mist + Broken clouds,11.13311143691141,11.277154480338304,82.70830000000001,4.1679561000000005,233,3578,3811
340,2011-12-06,fall,2011,December,no,Tuesday,yes,Light Snow,15.623061178767426,16.68960802618549,94.9583,15.583061,126,2468,2594
341,2011-12-07,fall,2011,December,no,Wednesday,yes,Light Rain + Scattered clouds,12.548435049566589,11.824767427329899,97.04169999999999,17.833725,50,655,705
342,2011-12-08,fall,2011,December,no,Thursday,yes,Few clouds,4.105394570166643,-0.5905649896091827,57.99999999999999,16.083886,150,3172,3322
343,2011-12-09,fall,2011,December,no,Friday,yes,Few clouds,5.569502250738472,4.659796510071057,69.58330000000001,5.5420189,261,3359,3620
344,2011-12-10,fall,2011,December,no,Saturday,no,Few clouds,4.642253574478724,0.23020467655097931,50.74999999999999,15.625807,502,2688,3190
345,2011-12-11,fall,2011,December,no,Sunday,no,Few clouds,1.4700007451373551,-0.918387706175583,49.0,4.458293899999999,377,2366,2743
346,2011-12-12,fall,2011,December,no,Monday,yes,Clear,2.4948761215376347,0.5580273931173778,67.08330000000001,4.251150000000001,143,3167,3310
347,2011-12-13,fall,2011,December,no,Tuesday,yes,Partly cloudy,5.08148587865027,3.238653845548015,59.0,9.41685,155,3368,3523
348,2011-12-14,fall,2011,December,no,Wednesday,yes,Mist + Cloudy,7.131236631450827,6.463514522468632,66.375,4.0842061,178,3562,3740
349,2011-12-15,fall,2011,December,no,Thursday,yes,Mist + Cloudy,13.2804888898525,12.863594645709313,63.416700000000006,17.958814,181,3528,3709
350,2011-12-16,fall,2011,December,no,Friday,yes,Mist + Cloudy,10.49868429676603,8.322938139187617,50.0417,17.458525,178,3399,3577
351,2011-12-17,fall,2011,December,no,Saturday,no,Mist + Cloudy,3.666162265995096,-1.2461237888316816,56.0833,16.292189,275,2464,2739
352,2011-12-18,fall,2011,December,no,Sunday,no,Partly cloudy,2.4948761215376347,-1.5746395766804646,58.62500000000001,11.375193000000001,220,2211,2431
353,2011-12-19,fall,2011,December,no,Monday,yes,Few clouds,4.739880274619251,1.4882156879835051,63.74999999999999,11.584031999999999,260,3143,3403
354,2011-12-20,fall,2011,December,no,Tuesday,yes,Mist,11.13311143691141,11.496251639481116,59.5417,4.1252436,216,3534,3750
355,2011-12-21,winter,2011,December,no,Wednesday,yes,Mist + Cloudy,13.622094493883523,14.230677750206603,85.83330000000001,14.8338,107,2553,2660
356,2011-12-22,winter,2011,December,no,Thursday,yes,Mist + Few clouds,13.32927295776916,14.066419856282216,75.75,3.1674249999999997,227,2841,3068
357,2011-12-23,winter,2011,December,no,Friday,yes,Few clouds,10.401057596625503,9.855318744532873,68.625,18.374482,163,2046,2209
358,2011-12-24,winter,2011,December,no,Saturday,no,Clear,6.252772023107731,3.0743959516236217,54.25,12.750368,155,856,1011
359,2011-12-25,winter,2011,December,no,Sunday,no,Clear,4.629545119811359,1.4040075271741692,68.13040000000001,10.391097,303,451,754
360,2011-12-26,winter,2011,December,yes,Monday,no,Few clouds,7.379490729768586,4.485922252103627,50.6957,16.044155,430,887,1317
361,2011-12-27,winter,2011,December,no,Tuesday,yes,Mist,7.570468935622378,5.5340192988848855,76.25,12.62615,103,1059,1162
362,2011-12-28,winter,2011,December,no,Wednesday,yes,Partly cloudy,6.05541030776665,1.4051337680080387,50.39130000000001,19.695386999999997,255,2047,2302
363,2011-12-29,winter,2011,December,no,Thursday,yes,Clear,3.0805191937663654,0.011887222600844183,57.4167,8.000604000000001,254,2169,2423
364,2011-12-30,winter,2011,December,no,Friday,yes,Few clouds,6.789631027419809,4.769821576149106,63.6667,9.000579,491,2508,2999
365,2011-12-31,winter,2011,December,no,Saturday,no,Few clouds,12.548435049566589,13.02681293271013,61.583299999999994,14.750318,665,1820,2485
366,2012-01-01,winter,2012,January,no,Sunday,no,Clear,10.205862760651662,9.691407386249672,69.25,12.875189,686,1608,2294
367,2012-01-02,winter,2012,January,yes,Monday,no,Few clouds,4.527643225243558,-0.9920265299286068,38.130399999999995,22.087555,244,1707,1951
368,2012-01-03,winter,2012,January,no,Tuesday,yes,Clear,-2.678284828380413,-11.910411610834174,44.125,24.499957000000002,89,2147,2236
369,2012-01-04,winter,2012,January,no,Wednesday,yes,Mist,-5.167267885352518,-12.511477680479437,41.4583,12.3749,95,2273,2368
370,2012-01-05,winter,2012,January,no,Thursday,yes,Partly cloudy,4.105394570166643,1.2698116001230701,52.416700000000006,8.709128999999999,140,3132,3272
371,2012-01-06,winter,2012,January,no,Friday,yes,Partly cloudy,8.107327939934454,6.628552121585702,54.2083,11.249836,307,3791,4098
372,2012-01-07,winter,2012,January,no,Saturday,no,Partly cloudy,11.572343741082964,11.004604198541816,53.1667,11.708786,1070,3451,4521
373,2012-01-08,winter,2012,January,no,Sunday,no,Few clouds,8.30252277590829,6.627772416393025,46.5,12.833314,599,2826,3425
374,2012-01-09,winter,2012,January,no,Monday,yes,Mist,1.665254145418416,-1.4100351471148826,70.1667,6.6263000000000005,106,2270,2376
375,2012-01-10,winter,2012,January,no,Tuesday,yes,Clear,6.615636470660656,4.771034450893275,64.65220000000001,12.565984,173,3425,3598
376,2012-01-11,winter,2012,January,no,Wednesday,yes,Mist,4.593469506562069,1.651780510625514,84.75,8.791807,92,2085,2177
377,2012-01-12,winter,2012,January,no,Thursday,yes,Mist,10.93791660093758,10.238673797600079,80.2917,12.124789,269,3828,4097
378,2012-01-13,winter,2012,January,no,Friday,yes,Few clouds,4.593469506562069,-1.2469034940243606,50.74999999999999,25.333236,174,3040,3214
379,2012-01-14,winter,2012,January,no,Saturday,no,Clear,-0.9213556116942199,-6.9885658990027135,45.75,12.541260999999999,333,2160,2493
380,2012-01-15,winter,2012,January,no,Sunday,no,Few clouds,-1.7021935198967864,-8.847902881811397,41.9167,16.834286,284,2027,2311
381,2012-01-16,winter,2012,January,yes,Monday,no,Few clouds,-0.3357125394654892,-6.332227394587534,52.25,15.500986000000001,217,2081,2298
382,2012-01-17,winter,2012,January,no,Tuesday,yes,Mist + Few clouds,10.384073947530869,8.708718941743154,71.6087,23.39171,127,2808,2935
383,2012-01-18,winter,2012,January,no,Wednesday,yes,Partly cloudy,6.301556091024386,0.9962217114030167,44.333299999999994,27.833743,109,3267,3376
384,2012-01-19,winter,2012,January,no,Thursday,yes,Clear,-0.3357125394654892,-6.386373588523579,49.75,14.750586,130,3162,3292
385,2012-01-20,winter,2012,January,no,Friday,yes,Mist + Few clouds,1.2748059091635202,-3.7076530821194975,45.0,13.58425,115,3048,3163
386,2012-01-21,winter,2012,January,no,Saturday,no,Mist + Few clouds,-1.3118038479491165,-7.700003570367212,83.125,14.917014,67,1234,1301
387,2012-01-22,winter,2012,January,no,Sunday,no,Mist,-1.9462309880944977,-8.793756687875348,79.625,13.375746000000001,196,1781,1977
388,2012-01-23,winter,2012,January,no,Monday,yes,Mist + Broken clouds,1.3235899770801751,-1.7930436645408996,91.125,7.417436,145,2287,2432
389,2012-01-24,winter,2012,January,no,Tuesday,yes,Clear,8.595344312022657,7.39448252252744,83.58330000000001,8.292389,439,3900,4339
390,2012-01-25,winter,2012,January,no,Wednesday,yes,Clear,5.764755651019531,2.6913874341976083,64.375,10.791756999999999,467,3803,4270
391,2012-01-26,winter,2012,January,no,Thursday,yes,Mist + Cloudy,8.546560244106004,7.995895127813892,76.95830000000001,4.9175186,244,3831,4075
392,2012-01-27,winter,2012,January,no,Friday,yes,Mist,13.426899657909686,13.136144927505793,74.125,22.958689,269,3187,3456
393,2012-01-28,winter,2012,January,no,Saturday,no,Clear,7.0336099313103,5.425380375371603,54.333299999999994,14.125542999999999,775,3248,4023
394,2012-01-29,winter,2012,January,no,Sunday,no,Partly cloudy,5.08148587865027,0.776778016619005,31.125000000000004,16.08335,558,2685,3243
395,2012-01-30,winter,2012,January,no,Monday,yes,Few clouds,4.300647970447704,-0.09787794174630982,40.0833,14.458064,126,3498,3624
396,2012-01-31,winter,2012,January,no,Tuesday,yes,Partly cloudy,11.377148905109124,10.184874139305226,41.6667,17.541739,324,4185,4509
397,2012-02-01,winter,2012,February,no,Wednesday,yes,Few clouds,16.01350941502232,17.567902608783314,50.79169999999999,12.667489000000002,304,4275,4579
398,2012-02-02,winter,2012,February,no,Thursday,yes,Mist + Cloudy,11.914007909421205,11.714309191700366,67.29169999999999,12.541528999999999,190,3571,3761
399,2012-02-03,winter,2012,February,no,Friday,yes,Partly cloudy,6.887199163253113,3.949744981271323,52.6667,11.959232,310,3841,4151
400,2012-02-04,winter,2012,February,no,Saturday,no,Mist + Cloudy,4.007826434333337,0.7771245522601973,77.95830000000001,8.167032,384,2448,2832
401,2012-02-05,winter,2012,February,no,Sunday,no,Mist + Few clouds,4.105394570166643,0.06637995217808168,68.7917,11.791732000000001,318,2629,2947
402,2012-02-06,winter,2012,February,no,Monday,yes,Partly cloudy,5.0878693881375625,2.830434860225374,62.2174,10.304599999999999,206,3578,3784
403,2012-02-07,winter,2012,February,no,Tuesday,yes,Few clouds,9.278614084391915,8.433742910458339,49.625,9.874393000000001,199,4176,4375
404,2012-02-08,winter,2012,February,no,Wednesday,yes,Mist,3.56859413016179,0.2309843817436601,72.2917,8.959307,109,2693,2802
405,2012-02-09,winter,2012,February,no,Thursday,yes,Clear,4.056610502249992,-0.15306374260592825,56.2083,13.000478999999999,163,3667,3830
406,2012-02-10,winter,2012,February,no,Friday,yes,Mist + Few clouds,4.983859178509743,2.581968805491641,54.0,7.834243000000001,227,3604,3831
407,2012-02-11,winter,2012,February,no,Saturday,no,Light Rain + Thunderstorm + Scattered clouds,1.665254145418416,-4.581875870933324,73.125,19.416332,192,1977,2169
408,2012-02-12,winter,2012,February,no,Sunday,no,Partly cloudy,-3.995981740895057,-14.043078580632018,46.4583,27.417204,73,1456,1529
409,2012-02-13,winter,2012,February,no,Monday,yes,Clear,1.5676274452778856,-3.1051142359991726,41.125,11.207961,94,3328,3422
410,2012-02-14,winter,2012,February,no,Tuesday,yes,Mist + Few clouds,7.228863331591354,6.080939174594107,50.875,9.458993,135,3787,3922
411,2012-02-15,winter,2012,February,no,Wednesday,yes,Few clouds,8.936949916053674,7.6128866103878785,53.125,12.167200000000001,141,4028,4169
412,2012-02-16,winter,2012,February,no,Thursday,yes,Mist + Cloudy,7.082452563534176,5.7531164580277085,75.29169999999999,6.125475000000001,74,2931,3005
413,2012-02-17,winter,2012,February,no,Friday,yes,Few clouds,8.644128379939307,7.6128866103878785,63.4583,13.791682,349,3805,4154
414,2012-02-18,winter,2012,February,no,Saturday,no,Partly cloudy,8.839381780220371,7.941748933877847,53.4583,12.792243,1435,2883,4318
415,2012-02-19,winter,2012,February,no,Sunday,no,Mist,4.93507511059309,0.1761451165252339,51.5833,16.958504,618,2071,2689
416,2012-02-20,winter,2012,February,yes,Monday,no,Few clouds,4.93507511059309,0.8348227365184471,50.7826,15.348561,502,2627,3129
417,2012-02-21,winter,2012,February,no,Tuesday,yes,Partly cloudy,5.393399378919295,2.7166845360045286,59.434799999999996,13.783039,163,3614,3777
418,2012-02-22,winter,2012,February,no,Wednesday,yes,Partly cloudy,11.718754509140144,11.168169021183825,56.7917,15.709557,394,4379,4773
419,2012-02-23,winter,2012,February,no,Thursday,yes,Partly cloudy,15.135044806679222,15.653986262487095,55.45830000000001,12.791171,516,4546,5062
420,2012-02-24,winter,2012,February,no,Friday,yes,Mist + Few clouds,12.402024281509402,12.753916115272453,73.75,15.916989,246,3241,3487
421,2012-02-25,winter,2012,February,no,Saturday,no,Partly cloudy,5.569502250738472,-0.699983618315148,39.5833,28.250014,317,2415,2732
422,2012-02-26,winter,2012,February,no,Sunday,no,Few clouds,4.8862910426764365,0.3944625704753726,41.0,13.750342999999999,515,2874,3389
423,2012-02-27,winter,2012,February,no,Monday,yes,Few clouds,10.010667924677833,8.160846093020666,49.0833,17.958211000000002,253,4069,4322
424,2012-02-28,winter,2012,February,no,Tuesday,yes,Few clouds,9.571435620506282,7.777144504312265,39.5833,12.958939,229,4134,4363
425,2012-02-29,winter,2012,February,no,Wednesday,yes,Mist + Broken clouds,8.703571151770522,7.339210087757522,80.4783,12.000839,65,1769,1834
426,2012-03-01,winter,2012,March,no,Thursday,yes,Few clouds,16.989542159198724,18.33313993844267,61.5417,15.208129,325,4665,4990
427,2012-03-02,winter,2012,March,no,Friday,yes,Mist + Broken clouds,9.229771452168038,8.324410915662675,65.7083,9.708568,246,2948,3194
428,2012-03-03,winter,2012,March,no,Saturday,no,Mist,12.792472517764303,12.972320203132892,62.125,10.792293,956,3110,4066
429,2012-03-04,winter,2012,March,no,Sunday,no,Few clouds,7.619253003539031,3.4017854986385316,40.3333,22.416257,710,2713,3423
430,2012-03-05,winter,2012,March,no,Monday,yes,Clear,2.787697657652,-1.9565218532726085,50.625,15.333486,203,3130,3333
431,2012-03-06,winter,2012,March,no,Tuesday,yes,Clear,3.666162265995096,-0.7548228835335742,45.6667,13.458625,221,3735,3956
432,2012-03-07,winter,2012,March,no,Wednesday,yes,Clear,12.206829445535572,10.512610221961324,51.3333,23.167193,432,4484,4916
433,2012-03-08,winter,2012,March,no,Thursday,yes,Partly cloudy,19.429741148254173,22.598387244128048,56.75,29.584721,486,4896,5382
434,2012-03-09,winter,2012,March,no,Friday,yes,Mist,12.597219117483238,11.550744369058357,40.708299999999994,27.7916,447,4122,4569
435,2012-03-10,winter,2012,March,no,Saturday,no,Few clouds,5.374307414764635,1.2139327279810708,35.0417,15.125250000000001,968,3150,4118
436,2012-03-11,winter,2012,March,no,Sunday,no,Partly cloudy,9.722063018683514,8.309509883091472,47.6957,14.913329000000001,1658,3253,4911
437,2012-03-12,winter,2012,March,no,Monday,yes,Clear,15.867098646965136,16.966143467855666,48.9167,13.916771,838,4460,5298
438,2012-03-13,winter,2012,March,no,Tuesday,yes,Few clouds,21.62590266911191,24.185953650332934,61.75000000000001,15.87565,762,5085,5847
439,2012-03-14,winter,2012,March,no,Wednesday,yes,Few clouds,22.06513497328346,24.678727332106106,50.708299999999994,7.709154,997,5315,6312
440,2012-03-15,winter,2012,March,no,Thursday,yes,Few clouds,21.186670364940365,23.310604620685233,57.958299999999994,10.042161,1005,5187,6192
441,2012-03-16,winter,2012,March,no,Friday,yes,Mist + Cloudy,14.061326798055067,14.942115421571103,84.20830000000001,7.583864,548,3830,4378
442,2012-03-17,winter,2012,March,no,Saturday,no,Mist + Cloudy,18.648903240051606,20.904001226526148,75.5833,7.417168,3155,4681,7836
443,2012-03-18,winter,2012,March,no,Sunday,no,Mist + Cloudy,16.208704250996156,17.348025744447817,81.0,8.501161,2207,3685,5892
444,2012-03-19,winter,2012,March,no,Monday,yes,Clear,20.454616524654455,23.310258085044048,72.875,10.875238999999999,982,5171,6153
445,2012-03-20,winter,2012,March,no,Tuesday,yes,Few clouds,21.381865200914206,23.805110980664367,80.7917,8.125157,1051,5042,6093
446,2012-03-21,spring,2012,March,no,Wednesday,yes,Mist + Broken clouds,19.673778616451884,21.61543889789064,82.125,6.000406099999999,1122,5108,6230
447,2012-03-22,spring,2012,March,no,Thursday,yes,Clear,20.991475528966525,23.201619161530758,83.125,7.876654,1334,5537,6871
448,2012-03-23,spring,2012,March,no,Friday,yes,Mist + Broken clouds,23.773280122053002,26.537024707991215,69.41669999999999,7.7921000000000005,2469,5893,8362
449,2012-03-24,spring,2012,March,no,Saturday,no,Mist + Broken clouds,17.965633467682345,19.31747442724484,88.5417,12.916461,1033,2339,3372
450,2012-03-25,spring,2012,March,no,Sunday,no,Mist + Broken clouds,14.158953498195597,15.051187514635874,88.0833,14.791924999999999,1532,3464,4996
451,2012-03-26,spring,2012,March,no,Monday,yes,Clear,14.646969870283801,15.160519509431538,47.7917,25.917007,795,4763,5558
452,2012-03-27,spring,2012,March,no,Tuesday,yes,Partly cloudy,7.472842235481846,4.496231687429052,28.999999999999996,12.541864,531,4571,5102
453,2012-03-28,spring,2012,March,no,Wednesday,yes,Partly cloudy,16.891974023365414,17.95013142101665,48.125,19.541957,674,5024,5698
454,2012-03-29,spring,2012,March,no,Thursday,yes,Partly cloudy,17.477617095594148,18.93377283853644,43.9167,21.41655,834,5299,6133
455,2012-03-30,spring,2012,March,no,Friday,yes,Mist + Broken clouds,10.205862760651662,9.691407386249672,58.0833,9.250489,796,4663,5459
456,2012-03-31,spring,2012,March,no,Saturday,no,Mist,13.378115589993033,13.684104410138584,73.83330000000001,16.791338999999997,2301,3934,6235
457,2012-04-01,spring,2012,April,no,Sunday,no,Mist + Broken clouds,13.47568372582634,13.301095892712564,67.625,11.541889,2347,3694,6041
458,2012-04-02,spring,2012,April,no,Monday,yes,Clear,13.94888332818715,14.187014259416578,50.4348,20.913313,1208,4728,5936
459,2012-04-03,spring,2012,April,no,Tuesday,yes,Clear,15.867098646965136,17.129968192228567,39.6667,6.708911,1348,5424,6772
460,2012-04-04,spring,2012,April,no,Wednesday,yes,Partly cloudy,20.259421688680618,23.364750814621274,46.958299999999994,12.125325,1058,5378,6436
461,2012-04-05,spring,2012,April,no,Thursday,yes,Partly cloudy,14.012542730138417,14.503228032003094,37.416700000000006,14.708443,1192,5265,6457
462,2012-04-06,spring,2012,April,no,Friday,yes,Partly cloudy,12.157986813311695,11.003564591618243,37.7083,20.125996,1807,4653,6460
463,2012-04-07,spring,2012,April,no,Saturday,no,Few clouds,14.158953498195597,14.067112927564594,25.4167,18.416356999999998,3252,3605,6857
464,2012-04-08,spring,2012,April,no,Sunday,no,Partly cloudy,17.81922269962516,19.810594644659204,27.5833,15.583931999999999,2230,2939,5169
465,2012-04-09,spring,2012,April,no,Monday,yes,Partly cloudy,17.184795559479777,18.442905102789815,31.75,23.999132,905,4680,5585
466,2012-04-10,spring,2012,April,no,Tuesday,yes,Clear,14.695812502507675,14.942461957212295,43.5,16.708125000000003,819,5099,5918
467,2012-04-11,spring,2012,April,no,Wednesday,yes,Partly cloudy,8.958208759575577,6.369256828064767,46.9565,19.783358,482,4380,4862
468,2012-04-12,spring,2012,April,no,Thursday,yes,Partly cloudy,11.816381209280678,10.729541533346701,46.625,19.458743,663,4746,5409
469,2012-04-13,spring,2012,April,no,Friday,yes,Partly cloudy,14.45177503430996,14.559106904145093,40.8333,10.416557,1252,5146,6398
470,2012-04-14,spring,2012,April,no,Saturday,no,Clear,17.526401163510798,19.426893055950806,50.29169999999999,12.791439,2795,4665,7460
471,2012-04-15,spring,2012,April,no,Sunday,no,Partly cloudy,24.066101658167362,26.866926638404756,50.79169999999999,15.083643,2846,4286,7132
472,2012-04-16,spring,2012,April,yes,Monday,no,Few clouds,27.433549323482566,30.423248656124294,56.166700000000006,19.083543,1198,5172,6370
473,2012-04-17,spring,2012,April,no,Tuesday,yes,Clear,24.163669794000675,28.999160438651117,39.0417,18.333143,989,5702,6691
474,2012-04-18,spring,2012,April,no,Wednesday,yes,Mist + Few clouds,15.671845246684079,16.744880460955407,56.9167,11.250104,347,4020,4367
475,2012-04-19,spring,2012,April,no,Thursday,yes,Clear,17.721595999484638,19.864394302954054,61.25000000000001,4.417256399999999,846,5719,6565
476,2012-04-20,spring,2012,April,no,Friday,yes,Few clouds,19.38095708033752,21.83349645010989,69.4583,10.041357,1340,5950,7290
477,2012-04-21,spring,2012,April,no,Saturday,no,Clear,21.91872420522628,24.18526057905055,68.2917,19.000328999999997,2541,4083,6624
478,2012-04-22,spring,2012,April,no,Sunday,no,Light Rain + Thunderstorm + Scattered clouds,11.767597141364018,10.894145962912287,83.54169999999999,23.084582,120,907,1027
479,2012-04-23,spring,2012,April,no,Monday,yes,Mist + Broken clouds,7.375274099648541,3.237527604714142,76.66669999999999,20.334232,195,3019,3214
480,2012-04-24,spring,2012,April,no,Tuesday,yes,Partly cloudy,12.743629885540425,12.261142433499284,45.4167,16.708661,518,5115,5633
481,2012-04-25,spring,2012,April,no,Wednesday,yes,Clear,16.45274171919387,17.895292155798224,42.7917,7.959064,655,5541,6196
482,2012-04-26,spring,2012,April,no,Thursday,yes,Mist + Few clouds,17.721595999484638,19.044577609807163,75.66669999999999,11.833875,475,4551,5026
483,2012-04-27,spring,2012,April,no,Friday,yes,Few clouds,15.330239642653058,16.363604621735348,40.0833,23.291411,1014,5219,6233
484,2012-04-28,spring,2012,April,no,Saturday,no,Mist + Broken clouds,10.596310996906556,9.854539039340192,48.9583,8.708325,1120,3100,4220
485,2012-04-29,spring,2012,April,no,Sunday,no,Clear,15.379023710569712,16.145633703426398,58.7083,7.8328359999999995,2229,4075,6304
486,2012-04-30,spring,2012,April,no,Monday,yes,Mist + Few clouds,15.720687878907949,16.801885573931273,56.99999999999999,11.499746,665,4907,5572
487,2012-05-01,spring,2012,May,no,Tuesday,yes,Mist + Few clouds,24.456491330115043,27.13947692020124,65.95830000000001,10.458432,653,5087,5740
488,2012-05-02,spring,2012,May,no,Wednesday,yes,Clear,21.57711860119526,23.74992517980474,79.7083,9.249885999999998,667,5502,6169
489,2012-05-03,spring,2012,May,no,Thursday,yes,Mist + Cloudy,21.333081132997552,23.69326660247006,76.83330000000001,8.957632,764,5657,6421
490,2012-05-04,spring,2012,May,no,Friday,yes,Partly cloudy,25.28617187054148,28.343341737697727,73.54169999999999,10.916846,1069,5227,6296
491,2012-05-05,spring,2012,May,no,Saturday,no,Mist,24.944566266510463,27.796768397629698,75.66669999999999,10.250464,2496,4387,6883
492,2012-05-06,spring,2012,May,no,Sunday,no,Mist,21.479491901054732,24.515855580746482,74.0,10.041893,2135,4224,6359
493,2012-05-07,spring,2012,May,no,Monday,yes,Mist + Cloudy,20.015384220482904,22.818264108463552,66.41669999999999,15.458307000000001,1008,5265,6273
494,2012-05-08,spring,2012,May,no,Tuesday,yes,Mist + Few clouds,22.60199397759554,25.445783973881717,68.58330000000001,19.833942999999998,738,4990,5728
495,2012-05-09,spring,2012,May,no,Wednesday,yes,Mist + Few clouds,22.211545741340643,25.06060960869825,74.4167,14.499604,620,4097,4717
496,2012-05-10,spring,2012,May,no,Thursday,yes,Clear,18.160828303656185,19.754975674248094,55.2083,21.042220999999998,1026,5546,6572
497,2012-05-11,spring,2012,May,no,Friday,yes,Partly cloudy,19.77134675228519,22.271690768395523,36.0417,15.874779,1319,5711,7030
498,2012-05-12,spring,2012,May,no,Saturday,no,Clear,21.57711860119526,24.34951847297495,48.0417,8.249911,2622,4807,7429
499,2012-05-13,spring,2012,May,no,Sunday,no,Partly cloudy,24.407707262198393,27.851347761117232,57.62500000000001,15.082839,2172,3946,6118
500,2012-05-14,spring,2012,May,no,Monday,yes,Mist,22.113919041200113,24.789878639018028,78.95830000000001,14.250364,342,2501,2843
501,2012-05-15,spring,2012,May,no,Tuesday,yes,Mist,24.35892319428173,27.086023797547575,79.45830000000001,9.875264,625,4490,5115
502,2012-05-16,spring,2012,May,no,Wednesday,yes,Partly cloudy,25.823030874853558,28.78153605598336,69.7917,8.208304,991,6433,7424
503,2012-05-17,spring,2012,May,no,Thursday,yes,Partly cloudy,23.285205185657578,26.757594643609096,52.0,15.374825000000001,1242,6142,7384
504,2012-05-18,spring,2012,May,no,Friday,yes,Few clouds,21.57711860119526,24.89565864349148,52.33330000000001,9.166739,1521,6118,7639
505,2012-05-19,spring,2012,May,no,Saturday,no,Clear,23.67565342191247,26.263348185360854,45.625,5.626325,3410,4884,8294
506,2012-05-20,spring,2012,May,no,Sunday,no,Partly cloudy,24.89572363428659,27.741236061128888,53.041700000000006,17.042589,2704,4425,7129
507,2012-05-21,spring,2012,May,no,Monday,yes,Mist + Few clouds,23.57802672177194,26.155835502681448,81.125,15.624668,630,3729,4359
508,2012-05-22,spring,2012,May,no,Tuesday,yes,Mist,24.554118030255566,27.469032314973603,76.5833,7.917189,819,5254,6073
509,2012-05-23,spring,2012,May,no,Wednesday,yes,Mist + Few clouds,24.944566266510463,27.79711493327089,77.45830000000001,6.834,766,4494,5260
510,2012-05-24,spring,2012,May,no,Thursday,yes,Few clouds,26.89669031917049,29.710684743925917,71.6667,11.584031999999999,1059,5711,6770
511,2012-05-25,spring,2012,May,no,Friday,yes,Few clouds,28.360797999742317,31.51518246151617,74.70830000000001,9.41685,1417,5317,6734
512,2012-05-26,spring,2012,May,no,Saturday,no,Partly cloudy,29.09285184002823,32.829158979001,73.25,13.332464,2855,3681,6536
513,2012-05-27,spring,2012,May,no,Sunday,no,Few clouds,28.946441071971044,32.719047279012656,69.7083,14.416457,3283,3308,6591
514,2012-05-28,spring,2012,May,yes,Monday,no,Few clouds,30.264137984485693,36.00030663153706,67.625,13.166907,2557,3486,6043
515,2012-05-29,spring,2012,May,no,Tuesday,yes,Few clouds,30.849781056714427,35.453819925379335,68.45830000000001,19.7918,880,4863,5743
516,2012-05-30,spring,2012,May,no,Wednesday,yes,Mist,26.99431701931102,30.094386332634322,67.0,9.000043,745,6110,6855
517,2012-05-31,spring,2012,May,no,Thursday,yes,Clear,28.360797999742317,31.844391320647333,49.2917,13.083693,1100,6238,7338
518,2012-06-01,spring,2012,June,no,Friday,yes,Mist + Few clouds,26.84790625125384,29.820016738721577,75.5417,15.916720999999999,533,3594,4127
519,2012-06-02,spring,2012,June,no,Saturday,no,Partly cloudy,22.699562113428843,26.209635160976305,54.9167,12.499654,2795,5325,8120
520,2012-06-03,spring,2012,June,no,Sunday,no,Partly cloudy,23.82206418996966,26.97591209755923,49.3333,12.333829,2494,5147,7641
521,2012-06-04,spring,2012,June,no,Monday,yes,Few clouds,23.529242653855288,27.248808914996907,48.7083,19.083811,1071,5927,6998
522,2012-06-05,spring,2012,June,no,Tuesday,yes,Mist + Few clouds,20.21057905645674,22.70997172059146,61.3333,14.041525,968,6033,7001
523,2012-06-06,spring,2012,June,no,Wednesday,yes,Few clouds,20.991475528966525,24.130767849473315,61.12499999999999,5.167375,1027,6028,7055
524,2012-06-07,spring,2012,June,no,Thursday,yes,Few clouds,23.82206418996966,26.482878514055173,56.7083,10.542449999999999,1038,6456,7494
525,2012-06-08,spring,2012,June,no,Friday,yes,Partly cloudy,26.555084715139472,28.945014244715075,46.791700000000006,11.750661000000001,1488,6248,7736
526,2012-06-09,spring,2012,June,no,Saturday,no,Clear,30.16651128434517,33.320459884299105,43.7083,9.667229,2708,4790,7498
527,2012-06-10,spring,2012,June,no,Sunday,no,Partly cloudy,31.09381852491213,34.63296362530887,53.833299999999994,8.959307,2224,4374,6598
528,2012-06-11,spring,2012,June,no,Monday,yes,Mist + Few clouds,30.75215435657389,34.30410130181889,58.791700000000006,13.916771,1017,5647,6664
529,2012-06-12,spring,2012,June,no,Tuesday,yes,Mist + Broken clouds,26.799063619029965,28.946140485548945,83.3333,14.374581999999998,477,4495,4972
530,2012-06-13,spring,2012,June,no,Wednesday,yes,Few clouds,26.945474387087145,30.093346725710745,58.2083,22.999693,1173,6248,7421
531,2012-06-14,spring,2012,June,no,Thursday,yes,Clear,26.5062420829156,31.242632179719685,56.958299999999994,17.000111,1180,6183,7363
532,2012-06-15,spring,2012,June,no,Friday,yes,Clear,25.969441642910745,29.10892560299827,58.958299999999994,11.833339,1563,6102,7665
533,2012-06-16,spring,2012,June,no,Saturday,no,Partly cloudy,25.53020933873919,28.671770891636207,50.416700000000006,11.166689,2963,4739,7702
534,2012-06-17,spring,2012,June,no,Sunday,no,Partly cloudy,23.236421117740925,26.702322208839178,59.875,9.708568,2634,4344,6978
535,2012-06-18,spring,2012,June,no,Monday,yes,Mist,21.82109750508575,24.35168432073239,77.79169999999999,11.707982000000001,653,4446,5099
536,2012-06-19,spring,2012,June,no,Tuesday,yes,Few clouds,28.848814371830514,33.86841936693189,69.0,9.917139,968,5857,6825
537,2012-06-20,spring,2012,June,no,Wednesday,yes,Partly cloudy,34.36363949008681,39.61077484319263,59.2083,7.625404,872,5339,6211
538,2012-06-21,summer,2012,June,no,Thursday,yes,Partly cloudy,35.73012047051811,42.34554748955931,56.7917,7.958729,778,5127,5905
539,2012-06-22,summer,2012,June,no,Friday,yes,Partly cloudy,34.07081795397244,39.88332512498911,57.375,12.250414000000001,964,4859,5823
540,2012-06-23,summer,2012,June,no,Saturday,no,Partly cloudy,31.386640061026498,33.70381493736632,53.4583,12.041307,2657,4801,7458
541,2012-06-24,summer,2012,June,no,Sunday,no,Partly cloudy,32.069851269088545,35.563151920174995,47.9167,9.750174999999999,2551,4340,6891
542,2012-06-25,summer,2012,June,no,Monday,yes,Partly cloudy,30.45933282045953,33.81210732523841,50.416700000000006,20.125661,1139,5640,6779
543,2012-06-26,summer,2012,June,no,Tuesday,yes,Partly cloudy,25.481366706515317,28.671424355995015,37.3333,23.292014,1077,6365,7442
544,2012-06-27,summer,2012,June,no,Wednesday,yes,Few clouds,29.3856733761426,32.66420801379422,36.0,18.208925,1077,6258,7335
545,2012-06-28,summer,2012,June,no,Thursday,yes,Partly cloudy,32.411515437426786,35.67213737932946,42.25,11.50055,921,5958,6879
546,2012-06-29,summer,2012,June,no,Friday,yes,Clear,37.38948155137099,45.29725144731136,48.875,11.082939000000001,829,4634,5463
547,2012-06-30,summer,2012,June,no,Saturday,no,Partly cloudy,33.33876411368653,36.711397767260365,60.12499999999999,10.791756999999999,1455,4232,5687
548,2012-07-01,summer,2012,July,no,Sunday,no,Few clouds,36.315763542746836,42.17981681915985,51.87500000000001,11.291443000000001,1421,4110,5531
549,2012-07-02,summer,2012,July,no,Monday,yes,Partly cloudy,34.314855422170154,37.97018848388558,44.7083,13.082889,904,5323,6227
550,2012-07-03,summer,2012,July,no,Tuesday,yes,Partly cloudy,34.26601278994628,38.023208436987744,49.2083,8.457878999999998,1052,5608,6660
551,2012-07-04,summer,2012,July,yes,Wednesday,no,Few clouds,34.7540877263417,40.595109331994806,53.87499999999999,9.041649999999999,2562,4841,7403
552,2012-07-05,summer,2012,July,no,Thursday,yes,Partly cloudy,36.999033315116094,43.11009174793627,45.7917,12.999943,1405,4836,6241
553,2012-07-06,summer,2012,July,no,Friday,yes,Partly cloudy,37.04781738303275,42.344767784366624,45.0833,9.791514,1366,4841,6207
554,2012-07-07,summer,2012,July,no,Saturday,no,Few clouds,39.0,46.88265200575879,49.2083,10.958118,1448,3392,4840
555,2012-07-08,summer,2012,July,no,Sunday,no,Partly cloudy,36.706211779001734,45.62498752996746,57.375,8.417143,1203,3469,4672
556,2012-07-09,summer,2012,July,no,Monday,yes,Mist,30.16651128434517,33.81314693216198,68.3333,12.125325,998,5571,6569
557,2012-07-10,summer,2012,July,no,Tuesday,yes,Mist + Cloudy,30.75215435657389,34.74376839657959,66.75,10.166379000000001,954,5336,6290
558,2012-07-11,summer,2012,July,no,Wednesday,yes,Partly cloudy,30.50817545268341,33.48541084950588,63.3333,10.166111,975,6289,7264
559,2012-07-12,summer,2012,July,no,Thursday,yes,Clear,30.45933282045953,33.86763966173922,52.9583,9.833924999999999,1032,6414,7446
560,2012-07-13,summer,2012,July,no,Friday,yes,Mist + Broken clouds,31.386640061026498,35.015538973183396,48.5833,5.41695,1511,5988,7499
561,2012-07-14,summer,2012,July,no,Saturday,no,Mist + Broken clouds,29.727278980173615,34.851714248810495,69.91669999999999,9.626493,2355,4614,6969
562,2012-07-15,summer,2012,July,no,Sunday,no,Clear,32.21626203714572,38.243778372605625,71.7917,11.166689,1920,4111,6031
563,2012-07-16,summer,2012,July,no,Monday,yes,Partly cloudy,33.241137413546,39.8836716606303,64.5,11.000529,1088,5742,6830
564,2012-07-17,summer,2012,July,no,Tuesday,yes,Partly cloudy,36.46217431080402,42.61766460180429,50.583299999999994,7.666743,921,5865,6786
565,2012-07-18,summer,2012,July,no,Wednesday,yes,Clear,34.99806663023219,41.74266210779779,57.7083,9.208614,799,4914,5713
566,2012-07-19,summer,2012,July,no,Thursday,yes,Clear,33.6315856498009,39.06212228927746,60.0417,11.083743,888,5703,6591
567,2012-07-20,summer,2012,July,no,Friday,yes,Mist + Cloudy,27.531117459315873,30.258644226558708,84.4167,14.000789000000001,747,5123,5870
568,2012-07-21,summer,2012,July,no,Saturday,no,Light Snow,23.431615953714758,24.79091824594159,86.5417,14.2911,1264,3195,4459
569,2012-07-22,summer,2012,July,no,Sunday,no,Mist,27.628744159456403,31.13364672056521,76.25,6.2926936,2544,4866,7410
570,2012-07-23,summer,2012,July,no,Monday,yes,Partly cloudy,31.97228313325523,36.92876224819722,69.41669999999999,9.291761,1135,5831,6966
571,2012-07-24,summer,2012,July,no,Tuesday,yes,Few clouds,32.509083573260085,38.352417296118915,65.5,14.167418,1140,6452,7592
572,2012-07-25,summer,2012,July,no,Wednesday,yes,Clear,30.947407756854957,33.81314693216198,45.0,11.0416,1383,6790,8173
573,2012-07-26,summer,2012,July,no,Thursday,yes,Few clouds,34.02203388605579,41.195135794716485,59.66669999999999,19.082470999999998,1036,5825,6861
574,2012-07-27,summer,2012,July,no,Friday,yes,Clear,34.314855422170154,40.75798108335443,59.458299999999994,10.250464,1259,5645,6904
575,2012-07-28,summer,2012,July,no,Saturday,no,Partly cloudy,32.80190510937445,37.58605372562568,61.3333,10.542449999999999,2234,4451,6685
576,2012-07-29,summer,2012,July,no,Sunday,no,Partly cloudy,30.80099698879777,35.015538973183396,62.375,11.416532,2153,4444,6597
577,2012-07-30,summer,2012,July,no,Monday,yes,Few clouds,31.337797428802624,36.49299367939993,66.875,10.292339,1040,6065,7105
578,2012-07-31,summer,2012,July,no,Tuesday,yes,Partly cloudy,30.312922052402342,34.57916396701401,70.41669999999999,11.083475,968,6248,7216
579,2012-08-01,summer,2012,August,no,Wednesday,yes,Partly cloudy,30.55695952060006,34.96139277924735,67.75,9.458993,1074,6506,7580
580,2012-08-02,summer,2012,August,no,Thursday,yes,Partly cloudy,32.60671027340061,38.407689730888826,65.95830000000001,8.666718,983,6278,7261
581,2012-08-03,summer,2012,August,no,Friday,yes,Mist + Cloudy,33.38754818160319,39.774686201475824,64.25,14.458064,1328,5847,7175
582,2012-08-04,summer,2012,August,no,Saturday,no,Clear,34.99806663023219,42.23508925392977,61.3333,17.249686,2345,4479,6824
583,2012-08-05,summer,2012,August,no,Sunday,no,Clear,33.58280158188424,40.48612387284033,65.25,19.458206999999998,1707,3757,5464
584,2012-08-06,summer,2012,August,no,Monday,yes,Mist + Cloudy,32.60671027340061,38.68127961960889,65.4167,8.666718,1233,5780,7013
585,2012-08-07,summer,2012,August,no,Tuesday,yes,Mist,31.63061896491699,37.58752650210075,70.375,7.8328359999999995,1278,5995,7273
586,2012-08-08,summer,2012,August,no,Wednesday,yes,Mist,32.460299505343436,38.46218246046606,67.29169999999999,7.4169,1263,6271,7534
587,2012-08-09,summer,2012,August,no,Thursday,yes,Clear,32.80190510937445,37.75100469083246,62.0417,10.458699999999999,1196,6090,7286
588,2012-08-10,summer,2012,August,no,Friday,yes,Mist + Cloudy,30.45933282045953,35.01631867837608,71.58330000000001,16.000471,1065,4721,5786
589,2012-08-11,summer,2012,August,no,Saturday,no,Mist,29.09285184002823,32.445457390292596,73.2917,13.834093,2247,4052,6299
590,2012-08-12,summer,2012,August,no,Sunday,no,Few clouds,29.580868212116435,32.99229063209152,53.041700000000006,8.208304,2182,4362,6544
591,2012-08-13,summer,2012,August,no,Monday,yes,Partly cloudy,30.75215435657389,34.5235449966029,54.541700000000006,9.126204,1207,5676,6883
592,2012-08-14,summer,2012,August,no,Tuesday,yes,Few clouds,31.09381852491213,35.78190254367662,68.6667,11.333586,1128,5656,6784
593,2012-08-15,summer,2012,August,no,Wednesday,yes,Partly cloudy,29.922532380454676,33.81167415568691,61.9583,11.374657000000001,1198,6149,7347
594,2012-08-16,summer,2012,August,no,Thursday,yes,Partly cloudy,30.654586220740583,33.868072831290704,51.916700000000006,9.500332,1338,6267,7605
595,2012-08-17,summer,2012,August,no,Friday,yes,Partly cloudy,30.898565124631077,-1.8500487775167684,57.0833,15.500718,1483,5665,7148
596,2012-08-18,summer,2012,August,no,Saturday,no,Partly cloudy,28.263171299601787,30.69579893792077,60.3333,11.917089,2827,5038,7865
597,2012-08-19,summer,2012,August,no,Sunday,no,Mist + Broken clouds,25.774188242629684,29.438134462129433,71.1667,5.79215,1208,3341,4549
598,2012-08-20,summer,2012,August,no,Monday,yes,Mist + Cloudy,25.774188242629684,28.780842984700975,73.4167,8.708593,1026,5504,6530
599,2012-08-21,summer,2012,August,no,Tuesday,yes,Partly cloudy,26.555084715139472,29.21903730298662,67.375,4.8756436,1081,5925,7006
600,2012-08-22,summer,2012,August,no,Wednesday,yes,Clear,27.628744159456403,31.023535020576873,67.7083,4.708981100000001,1094,6281,7375
601,2012-08-23,summer,2012,August,no,Thursday,yes,Clear,29.288046676002075,32.33638529722782,63.5833,5.6679186,1363,6402,7765
602,2012-08-24,summer,2012,August,no,Friday,yes,Mist,29.678494912256966,33.21069471995195,61.5,4.8337686,1325,6257,7582
603,2012-08-25,summer,2012,August,no,Saturday,no,Mist,27.287138555425386,30.74994513185682,71.2917,16.375336,1829,4224,6053
604,2012-08-26,summer,2012,August,no,Sunday,no,Mist,26.799063619029965,28.783355368099613,84.5833,15.333486,1483,3772,5255
605,2012-08-27,summer,2012,August,no,Monday,yes,Clear,29.727278980173615,33.868072831290704,73.04169999999999,8.625110999999999,989,5928,6917
606,2012-08-28,summer,2012,August,no,Tuesday,yes,Partly cloudy,31.191386660745444,34.85240732009288,62.0,12.791975,935,6105,7040
607,2012-08-29,summer,2012,August,no,Wednesday,yes,Partly cloudy,28.65361953585669,32.22592706159829,55.2083,7.541653999999999,1177,6520,7697
608,2012-08-30,summer,2012,August,no,Thursday,yes,Clear,29.922532380454676,33.702688696532434,59.0417,5.1668189,1172,6541,7713
609,2012-08-31,summer,2012,August,no,Friday,yes,Partly cloudy,33.28998004576988,36.875309125543566,58.75,11.291711,1433,5917,7350
610,2012-09-01,summer,2012,September,no,Saturday,no,Mist,32.65549434131727,38.023554972628936,63.8333,7.5835289999999995,2352,3788,6140
611,2012-09-02,summer,2012,September,no,Sunday,no,Mist + Few clouds,29.336889308225942,33.37529914951753,81.5,4.2927436,2613,3197,5810
612,2012-09-03,summer,2012,September,yes,Monday,no,Few clouds,29.971316448371326,34.46939880266686,79.0833,10.125107,1965,4069,6034
613,2012-09-04,summer,2012,September,no,Tuesday,yes,Few clouds,31.044975892688257,36.65768474287581,75.5,15.833507,867,5997,6864
614,2012-09-05,summer,2012,September,no,Wednesday,yes,Few clouds,31.679461597140865,38.57186099090291,74.125,12.583136,832,6280,7112
615,2012-09-06,summer,2012,September,no,Thursday,yes,Mist + Few clouds,29.336889308225942,33.923605167791514,81.0417,9.542207,611,5592,6203
616,2012-09-07,summer,2012,September,no,Friday,yes,Partly cloudy,29.727278980173615,34.08604374959965,73.625,11.500282,1045,6459,7504
617,2012-09-08,summer,2012,September,no,Saturday,no,Mist + Cloudy,27.1407277873682,30.093693261351937,79.91669999999999,18.833968000000002,1557,4419,5976
618,2012-09-09,summer,2012,September,no,Sunday,no,Clear,24.261296494141206,27.30442788540801,54.75,15.041232,2570,5657,8227
619,2012-09-10,summer,2012,September,no,Monday,yes,Partly cloudy,22.699562113428843,26.15470926184758,50.375,17.333771000000002,1118,6407,7525
620,2012-09-11,summer,2012,September,no,Tuesday,yes,Few clouds,22.35795650939783,25.170374773045403,52.0,6.1676314,1070,6697,7767
621,2012-09-12,summer,2012,September,no,Wednesday,yes,Partly cloudy,23.62686935399582,26.5377177792736,57.7083,8.833682,1050,6820,7870
622,2012-09-13,summer,2012,September,no,Thursday,yes,Partly cloudy,24.407707262198393,27.359267150626444,63.708299999999994,5.5422936,1054,6750,7804
623,2012-09-14,summer,2012,September,no,Friday,yes,Few clouds,25.627777474572504,28.617624697700165,67.25,6.9588209999999995,1379,6630,8009
624,2012-09-15,summer,2012,September,no,Saturday,no,Partly cloudy,24.163669794000675,27.905840490694473,50.1667,16.583907,3160,5554,8714
625,2012-09-16,summer,2012,September,no,Sunday,no,Partly cloudy,22.504367277455007,25.93561210270476,56.99999999999999,6.042281099999999,2166,5167,7333
626,2012-09-17,summer,2012,September,no,Monday,yes,Mist,22.553151345371667,25.062775456455697,73.4583,10.166713999999999,1022,5847,6869
627,2012-09-18,summer,2012,September,no,Tuesday,yes,Mist,25.04213440234377,26.103855156502846,87.25,23.958329,371,3702,4073
628,2012-09-19,summer,2012,September,no,Wednesday,yes,Partly cloudy,20.893848828826002,23.967203026831307,53.6667,14.416725,788,6803,7591
629,2012-09-20,summer,2012,September,no,Thursday,yes,Few clouds,20.55224322479498,23.255765355466806,61.8333,7.917189,939,6781,7720
630,2012-09-21,summer,2012,September,no,Friday,yes,Partly cloudy,23.62686935399582,26.701975673197985,66.875,10.333343000000001,1250,6917,8167
631,2012-09-22,summer,2012,September,no,Saturday,no,Partly cloudy,26.60386878305613,30.03885399613351,64.6667,19.000061,2512,5883,8395
632,2012-09-23,fall,2012,September,no,Sunday,no,Partly cloudy,19.527367848394707,22.107086338829944,46.7083,14.958286000000001,2454,5453,7907
633,2012-09-24,fall,2012,September,no,Monday,yes,Clear,18.648903240051606,20.684557531742136,49.2917,9.541068000000001,1001,6435,7436
634,2012-09-25,fall,2012,September,no,Tuesday,yes,Clear,20.74743806076882,24.294246038205024,56.99999999999999,15.833507,845,6693,7538
635,2012-09-26,fall,2012,September,no,Wednesday,yes,Partly cloudy,25.725404174713034,28.83680849075327,63.083299999999994,16.3748,787,6946,7733
636,2012-09-27,fall,2012,September,no,Thursday,yes,Mist + Cloudy,26.60386878305613,29.821142979555454,69.08330000000001,9.000914,751,6642,7393
637,2012-09-28,fall,2012,September,no,Friday,yes,Mist + Few clouds,24.798155498453283,27.90549395505328,69.0,10.999993,1045,6370,7415
638,2012-09-29,fall,2012,September,no,Saturday,no,Clear,20.308205756597268,23.091507461542413,54.2917,15.249468,2589,5966,8555
639,2012-09-30,fall,2012,September,no,Sunday,no,Partly cloudy,19.38095708033752,21.9970612727519,58.3333,9.042186,2015,4874,6889
640,2012-10-01,fall,2012,October,no,Monday,yes,Mist + Broken clouds,19.03929291199928,21.506453438736173,64.9167,6.0838814,763,6015,6778
641,2012-10-02,fall,2012,October,no,Tuesday,yes,Light Snow,23.138794417600394,24.134319839795516,87.16669999999999,6.9998249999999995,315,4324,4639
642,2012-10-03,fall,2012,October,no,Wednesday,yes,Mist,27.043101087227676,29.05512594470342,79.375,4.4585686,728,6844,7572
643,2012-10-04,fall,2012,October,no,Thursday,yes,Mist + Broken clouds,27.043101087227676,29.821142979555454,72.2917,7.875582,891,6437,7328
644,2012-10-05,fall,2012,October,no,Friday,yes,Few clouds,24.554118030255566,27.413759880203685,62.74999999999999,7.12545,1516,6640,8156
645,2012-10-06,fall,2012,October,no,Saturday,no,Partly cloudy,20.991475528966525,23.80407137374079,66.41669999999999,17.957675000000002,3031,4934,7965
646,2012-10-07,fall,2012,October,no,Sunday,no,Mist + Cloudy,12.890040653597605,13.519933150124487,70.8333,9.457854000000001,781,2729,3510
647,2012-10-08,fall,2012,October,yes,Monday,no,Mist + Cloudy,10.986700668854233,10.729888068987893,70.9583,12.708492999999999,874,4604,5478
648,2012-10-09,fall,2012,October,no,Tuesday,yes,Mist + Broken clouds,14.695812502507675,15.105247074661627,76.16669999999999,12.7501,601,5791,6392
649,2012-10-10,fall,2012,October,no,Wednesday,yes,Clear,18.648903240051606,20.73905026131937,63.083299999999994,12.584007,780,6911,7691
650,2012-10-11,fall,2012,October,no,Thursday,yes,Few clouds,14.012542730138417,14.503574567644282,46.3333,12.166932000000001,834,6736,7570
651,2012-10-12,fall,2012,October,no,Friday,yes,Partly cloudy,14.158953498195597,14.66852553285105,53.91669999999999,15.751164,1060,6222,7282
652,2012-10-13,fall,2012,October,no,Saturday,no,Partly cloudy,11.572343741082964,11.058057321195484,49.4583,9.791514,2252,4857,7109
653,2012-10-14,fall,2012,October,no,Sunday,no,Partly cloudy,19.088135544223153,21.1775911152462,64.0417,18.667004000000002,2080,4559,6639
654,2012-10-15,fall,2012,October,no,Monday,yes,Mist + Cloudy,21.430707833138083,23.858564103318024,70.75,19.834478999999998,760,5115,5875
655,2012-10-16,fall,2012,October,no,Tuesday,yes,Clear,15.964666782798442,17.07478239136895,55.833299999999994,12.208807,922,6612,7534
656,2012-10-17,fall,2012,October,no,Wednesday,yes,Partly cloudy,15.232612942512532,16.14450746259252,69.2917,6.791857,979,6482,7461
657,2012-10-18,fall,2012,October,no,Thursday,yes,Mist + Few clouds,19.136919612139803,21.560599632672215,72.8333,15.874779,1008,6501,7509
658,2012-10-19,fall,2012,October,no,Friday,yes,Mist + Cloudy,21.528275968971386,23.74992517980474,81.5,9.041917999999999,753,4671,5424
659,2012-10-20,fall,2012,October,no,Saturday,no,Partly cloudy,16.891974023365414,18.114042779299844,57.2917,7.874979,2806,5284,8090
660,2012-10-21,fall,2012,October,no,Sunday,no,Clear,15.720687878907949,16.69212040958412,51.0,11.125618000000001,2132,4692,6824
661,2012-10-22,fall,2012,October,no,Monday,yes,Partly cloudy,17.087168859339254,18.98904527330636,56.833299999999994,5.4593811,830,6228,7058
662,2012-10-23,fall,2012,October,no,Tuesday,yes,Partly cloudy,20.405832456737798,23.092200532824798,64.16669999999999,6.3345686,841,6625,7466
663,2012-10-24,fall,2012,October,no,Wednesday,yes,Partly cloudy,22.94359958162656,25.554076361753808,63.625,4.8762064,795,6898,7693
664,2012-10-25,fall,2012,October,no,Thursday,yes,Mist,20.74743806076882,23.038834044081433,80.0417,8.333125,875,6484,7359
665,2012-10-26,fall,2012,October,no,Friday,yes,Mist,20.503400592571108,22.437767974436177,80.7083,8.875289,1182,6262,7444
666,2012-10-27,fall,2012,October,no,Saturday,no,Mist,19.57615191631136,21.77787747969878,72.0,15.791364000000002,2643,5209,7852
667,2012-10-28,fall,2012,October,no,Sunday,no,Mist + Broken clouds,16.501525787110523,17.674722220180342,69.4583,26.666535999999997,998,3461,4459
668,2012-10-29,fall,2012,October,no,Monday,yes,Light Rain + Thunderstorm + Scattered clouds,14.30536426625278,15.216831551125033,88.0,23.9994,2,20,22
669,2012-10-30,fall,2012,October,no,Tuesday,yes,Mist + Few clouds,7.171177488976831,3.998519872768913,82.5455,14.271603,87,1009,1096
670,2012-10-31,fall,2012,October,no,Wednesday,yes,Mist + Cloudy,9.473808920365752,8.433396374817146,66.6667,11.166689,419,5147,5566
671,2012-11-01,fall,2012,November,no,Thursday,yes,Mist + Cloudy,9.961825292453955,9.199413409669184,58.166700000000006,10.542182,466,5520,5986
672,2012-11-02,fall,2012,November,no,Friday,yes,Partly cloudy,9.327398152308568,7.995202056531518,52.208299999999994,17.833725,618,5229,5847
673,2012-11-03,fall,2012,November,no,Saturday,no,Mist + Broken clouds,8.644128379939307,5.205936680587598,49.125,18.125443,1029,4109,5138
674,2012-11-04,fall,2012,November,no,Sunday,no,Partly cloudy,7.619253003539031,5.699056898001956,53.2917,12.000236,1201,3906,5107
675,2012-11-05,fall,2012,November,no,Monday,yes,Partly cloudy,7.228863331591354,3.8396332812829783,49.416700000000006,15.833775000000001,378,4881,5259
676,2012-11-06,fall,2012,November,no,Tuesday,yes,Partly cloudy,4.983859178509743,1.5431415871122347,56.7083,11.625371,466,5220,5686
677,2012-11-07,fall,2012,November,no,Wednesday,yes,Mist + Broken clouds,5.862323786852839,0.9413824461845905,54.75,20.375236,326,4709,5035
678,2012-11-08,fall,2012,November,no,Thursday,yes,Partly cloudy,9.161895420096727,6.769245591909126,33.3478,23.304945,340,4975,5315
679,2012-11-09,fall,2012,November,no,Friday,yes,Partly cloudy,9.717846388563466,7.9407093269542735,54.0833,14.375386,709,5283,5992
680,2012-11-10,fall,2012,November,no,Saturday,no,Partly cloudy,11.328364837192474,11.27819408726187,64.5417,3.8756686,2090,4446,6536
681,2012-11-11,fall,2012,November,no,Sunday,no,Clear,13.182862189711972,13.684537579690069,65.91669999999999,8.5425,2290,4562,6852
682,2012-11-12,fall,2012,November,yes,Monday,no,Partly cloudy,16.940758091282067,18.33417954536624,74.16669999999999,11.625639,1097,5172,6269
683,2012-11-13,fall,2012,November,no,Tuesday,yes,Mist + Broken clouds,8.644128379939307,5.152137022292738,66.29169999999999,22.917082,327,3767,4094
684,2012-11-14,fall,2012,November,no,Wednesday,yes,Clear,5.4719341149051655,1.5427950514710425,55.2083,13.374875,373,5122,5495
685,2012-11-15,fall,2012,November,no,Thursday,yes,Mist + Few clouds,7.375274099648541,5.261902186639894,62.0417,10.250129000000001,320,5125,5445
686,2012-11-16,fall,2012,November,no,Friday,yes,Few clouds,8.741755080079834,7.229531557320669,52.4583,11.458675000000001,484,5214,5698
687,2012-11-17,fall,2012,November,no,Saturday,no,Clear,7.570468935622378,5.4257269110127915,54.541700000000006,12.041843,1313,4316,5629
688,2012-11-18,fall,2012,November,no,Sunday,no,Partly cloudy,8.595344312022657,6.410148033725267,69.2917,15.250004,922,3747,4669
689,2012-11-19,fall,2012,November,no,Monday,yes,Mist + Few clouds,10.840289900797046,9.691407386249672,62.3333,15.749489,449,5050,5499
690,2012-11-20,fall,2012,November,no,Tuesday,yes,Mist + Few clouds,10.449900228849376,10.128562097611738,68.5,5.542575,534,5100,5634
691,2012-11-21,fall,2012,November,no,Wednesday,yes,Few clouds,9.229771452168038,8.761912162665926,61.375,6.917482000000001,615,4531,5146
692,2012-11-22,fall,2012,November,yes,Thursday,no,Partly cloudy,8.448933543965477,7.5039011512334,58.0417,3.5423436,955,1470,2425
693,2012-11-23,fall,2012,November,no,Friday,yes,Clear,10.108236060511135,9.964997274969729,56.875,9.917407,1603,2307,3910
694,2012-11-24,fall,2012,November,no,Saturday,no,Partly cloudy,4.8374484104525575,-1.3006165184089191,40.4583,25.250357,532,1745,2277
695,2012-11-25,fall,2012,November,no,Sunday,no,Few clouds,2.9341084257091836,-0.5346861174671833,46.8333,10.083499999999999,309,2115,2424
696,2012-11-26,fall,2012,November,no,Monday,yes,Clear,6.887199163253113,6.519133492879742,53.541700000000006,3.1255499999999996,337,4750,5087
697,2012-11-27,fall,2012,November,no,Tuesday,yes,Mist + Broken clouds,5.618344882962349,1.5423618819195504,78.6667,15.916654,123,3836,3959
698,2012-11-28,fall,2012,November,no,Wednesday,yes,Few clouds,5.911166419076713,2.253106482001673,50.625,14.125007,198,5062,5260
699,2012-11-29,fall,2012,November,no,Thursday,yes,Partly cloudy,4.9860260578769875,3.0033561451795343,55.565200000000004,7.739974,243,5080,5323
700,2012-11-30,fall,2012,November,no,Friday,yes,Partly cloudy,6.008734554910021,5.207755992703849,64.95830000000001,3.9175436,362,5306,5668
701,2012-12-01,fall,2012,December,no,Saturday,no,Mist + Few clouds,6.008734554910021,4.604524075301146,80.6667,4.0001814,951,4240,5191
702,2012-12-02,fall,2012,December,no,Sunday,no,Mist + Few clouds,8.888165848137021,8.269485016533952,82.3333,8.333393000000001,892,3757,4649
703,2012-12-03,fall,2012,December,no,Monday,yes,Partly cloudy,15.037418106538695,16.637281144365694,76.75,5.5422936,555,5679,6234
704,2012-12-04,fall,2012,December,no,Tuesday,yes,Few clouds,16.403899086969993,17.785873527092257,73.375,11.666643,551,6055,6606
705,2012-12-05,fall,2012,December,no,Wednesday,yes,Partly cloudy,14.20773756611225,14.230244580655118,48.5,21.709407,331,5398,5729
706,2012-12-06,fall,2012,December,no,Thursday,yes,Clear,3.5197514979379125,-0.48088645917232853,50.875,11.708518,340,5035,5375
707,2012-12-07,fall,2012,December,no,Friday,yes,Mist + Broken clouds,7.326431467424664,5.042371857945589,76.4167,8.7502,349,4659,5008
708,2012-12-08,fall,2012,December,no,Saturday,no,Mist,10.889132533020923,10.894492498553475,91.125,6.792393,1153,4429,5582
709,2012-12-09,fall,2012,December,no,Sunday,no,Mist + Broken clouds,11.03554330107811,10.94976493332339,90.5417,10.584325,441,2787,3228
710,2012-12-10,fall,2012,December,no,Monday,yes,Mist + Broken clouds,14.061326798055067,14.885456844236426,92.5,12.750636,329,4841,5170
711,2012-12-11,fall,2012,December,no,Tuesday,yes,Mist + Cloudy,9.229771452168038,6.463601156378935,59.66669999999999,19.834478999999998,282,5219,5501
712,2012-12-12,fall,2012,December,no,Wednesday,yes,Mist + Few clouds,5.959950486993366,2.909444986416851,53.833299999999994,10.916779,310,5009,5319
713,2012-12-13,fall,2012,December,no,Thursday,yes,Few clouds,5.862323786852839,2.6365481689791785,48.5833,11.666643,425,5107,5532
714,2012-12-14,fall,2012,December,no,Friday,yes,Clear,5.0327018107336166,2.636894704620371,64.29169999999999,8.792343,429,5182,5611
715,2012-12-15,fall,2012,December,no,Saturday,no,Partly cloudy,7.521684867705721,6.465333834584886,65.0417,7.12545,767,4280,5047
716,2012-12-16,fall,2012,December,no,Sunday,no,Mist + Cloudy,9.766630456480119,9.199066874027992,83.875,6.749714,538,3248,3786
717,2012-12-17,fall,2012,December,no,Monday,yes,Mist + Broken clouds,11.572343741082964,11.933406350843185,90.7083,6.583306100000001,212,4373,4585
718,2012-12-18,fall,2012,December,no,Tuesday,yes,Partly cloudy,12.597219117483238,12.644497486566493,66.625,14.834067999999998,433,5124,5557
719,2012-12-19,fall,2012,December,no,Wednesday,yes,Partly cloudy,8.009701239793923,6.792723381599796,62.5417,12.334164000000001,333,4934,5267
720,2012-12-20,fall,2012,December,no,Thursday,yes,Mist + Broken clouds,7.863290471736745,6.191050874582444,66.79169999999999,8.875021,314,3814,4128
721,2012-12-21,winter,2012,December,no,Friday,yes,Mist + Cloudy,7.668095635762908,3.293146575125249,55.666700000000006,25.083661000000003,221,3402,3623
722,2012-12-22,winter,2012,December,no,Saturday,no,Few clouds,4.105394570166643,-2.3947161715582457,44.125,27.292182,205,1544,1749
723,2012-12-23,winter,2012,December,no,Sunday,no,Few clouds,2.9341084257091836,-0.37112129482517275,51.5417,8.916561,408,1379,1787
724,2012-12-24,winter,2012,December,no,Monday,yes,Mist + Cloudy,2.0832276060680606,-0.42058925760514576,79.1304,5.1744368000000005,174,746,920
725,2012-12-25,winter,2012,December,yes,Tuesday,no,Mist + Broken clouds,5.5970860394404465,2.6605457621316333,73.47829999999999,11.304642,440,573,1013
726,2012-12-26,winter,2012,December,no,Wednesday,yes,Light Rain + Scattered clouds,2.787697657652,-3.7617992760555445,82.3333,21.208582,9,432,441
727,2012-12-27,winter,2012,December,no,Thursday,yes,Mist,3.4221833621046063,-3.215225935987517,65.29169999999999,23.458911,247,1867,2114
728,2012-12-28,winter,2012,December,no,Friday,yes,Mist + Few clouds,3.373340729880729,-0.7544763478923837,59.0,10.416557,644,2451,3095
729,2012-12-29,winter,2012,December,no,Saturday,no,Mist + Broken clouds,3.373340729880729,-1.8500487775167684,75.29169999999999,8.333661,159,1182,1341
730,2012-12-30,winter,2012,December,no,Sunday,no,Partly cloudy,3.5197514979379125,-2.77703161770188,48.3333,23.500518,364,1432,1796
731,2012-12-31,winter,2012,December,no,Monday,yes,Mist + Cloudy,1.1771792090229916,-3.4885559229766816,57.75,10.374682,439,2290,2729
